<?xml version="1.0" encoding="US-ASCII" standalone="yes"?>
<?mso-application progid="Excel.Sheet"?>
<Workbook xmlns="urn:schemas-microsoft-com:office:spreadsheet"
 xmlns:o="urn:schemas-microsoft-com:office:office"
 xmlns:x="urn:schemas-microsoft-com:office:excel"
 xmlns:ss="urn:schemas-microsoft-com:office:spreadsheet"
 xmlns:html="http://www.w3.org/TR/REC-html40">
<DocumentProperties xmlns="urn:schemas-microsoft-com:office:office">
<Author></Author>
<LastAuthor></LastAuthor>
<Created></Created>
<LastSaved></LastSaved>
<Company></Company>
<Version></Version>
</DocumentProperties>
<ExcelWorkbook  xmlns="urn:schemas-microsoft-com:office:excel">
<ProtectStructure>False</ProtectStructure>
<ProtectWindows>False</ProtectWindows>
</ExcelWorkbook>
<Styles>
<Style ss:ID="s1">
<Alignment ss:Horizontal="Center" ss:Vertical="Bottom"/>
<Font ss:Bold="1"/>
<NumberFormat/>
</Style>
</Styles>
<Names>
</Names>
<Worksheet ss:Name="Sheet1">
<Table ss:ExpandedColumnCount="12" ss:ExpandedRowCount="75"
 x:FullColumns="1" x:FullRows="1">
<Row>
<Cell ss:StyleID="s1"><Data ss:Type="String">make</Data></Cell>
<Cell ss:StyleID="s1"><Data ss:Type="String">price</Data></Cell>
<Cell ss:StyleID="s1"><Data ss:Type="String">mpg</Data></Cell>
<Cell ss:StyleID="s1"><Data ss:Type="String">rep78</Data></Cell>
<Cell ss:StyleID="s1"><Data ss:Type="String">headroom</Data></Cell>
<Cell ss:StyleID="s1"><Data ss:Type="String">trunk</Data></Cell>
<Cell ss:StyleID="s1"><Data ss:Type="String">weight</Data></Cell>
<Cell ss:StyleID="s1"><Data ss:Type="String">length</Data></Cell>
<Cell ss:StyleID="s1"><Data ss:Type="String">turn</Data></Cell>
<Cell ss:StyleID="s1"><Data ss:Type="String">displacement</Data></Cell>
<Cell ss:StyleID="s1"><Data ss:Type="String">gear_ratio</Data></Cell>
<Cell ss:StyleID="s1"><Data ss:Type="String">foreign</Data></Cell>
</Row>
<Row>
<Cell><Data ss:Type="String">AMC Concord</Data></Cell>
<Cell><Data ss:Type="Number">4099</Data></Cell>
<Cell><Data ss:Type="Number">22</Data></Cell>
<Cell><Data ss:Type="Number">3</Data></Cell>
<Cell><Data ss:Type="Number">2.500000</Data></Cell>
<Cell><Data ss:Type="Number">11</Data></Cell>
<Cell><Data ss:Type="Number">2930</Data></Cell>
<Cell><Data ss:Type="Number">186</Data></Cell>
<Cell><Data ss:Type="Number">40</Data></Cell>
<Cell><Data ss:Type="Number">121</Data></Cell>
<Cell><Data ss:Type="Number">3.580000</Data></Cell>
<Cell><Data ss:Type="Number">0</Data></Cell>
</Row>
<Row>
<Cell><Data ss:Type="String">AMC Pacer</Data></Cell>
<Cell><Data ss:Type="Number">4749</Data></Cell>
<Cell><Data ss:Type="Number">17</Data></Cell>
<Cell><Data ss:Type="Number">3</Data></Cell>
<Cell><Data ss:Type="Number">3.000000</Data></Cell>
<Cell><Data ss:Type="Number">11</Data></Cell>
<Cell><Data ss:Type="Number">3350</Data></Cell>
<Cell><Data ss:Type="Number">173</Data></Cell>
<Cell><Data ss:Type="Number">40</Data></Cell>
<Cell><Data ss:Type="Number">258</Data></Cell>
<Cell><Data ss:Type="Number">2.530000</Data></Cell>
<Cell><Data ss:Type="Number">0</Data></Cell>
</Row>
<Row>
<Cell><Data ss:Type="String">AMC Spirit</Data></Cell>
<Cell><Data ss:Type="Number">3799</Data></Cell>
<Cell><Data ss:Type="Number">22</Data></Cell>
<Cell></Cell>
<Cell><Data ss:Type="Number">3.000000</Data></Cell>
<Cell><Data ss:Type="Number">12</Data></Cell>
<Cell><Data ss:Type="Number">2640</Data></Cell>
<Cell><Data ss:Type="Number">168</Data></Cell>
<Cell><Data ss:Type="Number">35</Data></Cell>
<Cell><Data ss:Type="Number">121</Data></Cell>
<Cell><Data ss:Type="Number">3.080000</Data></Cell>
<Cell><Data ss:Type="Number">0</Data></Cell>
</Row>
<Row>
<Cell><Data ss:Type="String">Buick Century</Data></Cell>
<Cell><Data ss:Type="Number">4816</Data></Cell>
<Cell><Data ss:Type="Number">20</Data></Cell>
<Cell><Data ss:Type="Number">3</Data></Cell>
<Cell><Data ss:Type="Number">4.500000</Data></Cell>
<Cell><Data ss:Type="Number">16</Data></Cell>
<Cell><Data ss:Type="Number">3250</Data></Cell>
<Cell><Data ss:Type="Number">196</Data></Cell>
<Cell><Data ss:Type="Number">40</Data></Cell>
<Cell><Data ss:Type="Number">196</Data></Cell>
<Cell><Data ss:Type="Number">2.930000</Data></Cell>
<Cell><Data ss:Type="Number">0</Data></Cell>
</Row>
<Row>
<Cell><Data ss:Type="String">Buick Electra</Data></Cell>
<Cell><Data ss:Type="Number">7827</Data></Cell>
<Cell><Data ss:Type="Number">15</Data></Cell>
<Cell><Data ss:Type="Number">4</Data></Cell>
<Cell><Data ss:Type="Number">4.000000</Data></Cell>
<Cell><Data ss:Type="Number">20</Data></Cell>
<Cell><Data ss:Type="Number">4080</Data></Cell>
<Cell><Data ss:Type="Number">222</Data></Cell>
<Cell><Data ss:Type="Number">43</Data></Cell>
<Cell><Data ss:Type="Number">350</Data></Cell>
<Cell><Data ss:Type="Number">2.410000</Data></Cell>
<Cell><Data ss:Type="Number">0</Data></Cell>
</Row>
<Row>
<Cell><Data ss:Type="String">Buick LeSabre</Data></Cell>
<Cell><Data ss:Type="Number">5788</Data></Cell>
<Cell><Data ss:Type="Number">18</Data></Cell>
<Cell><Data ss:Type="Number">3</Data></Cell>
<Cell><Data ss:Type="Number">4.000000</Data></Cell>
<Cell><Data ss:Type="Number">21</Data></Cell>
<Cell><Data ss:Type="Number">3670</Data></Cell>
<Cell><Data ss:Type="Number">218</Data></Cell>
<Cell><Data ss:Type="Number">43</Data></Cell>
<Cell><Data ss:Type="Number">231</Data></Cell>
<Cell><Data ss:Type="Number">2.730000</Data></Cell>
<Cell><Data ss:Type="Number">0</Data></Cell>
</Row>
<Row>
<Cell><Data ss:Type="String">Buick Opel</Data></Cell>
<Cell><Data ss:Type="Number">4453</Data></Cell>
<Cell><Data ss:Type="Number">26</Data></Cell>
<Cell></Cell>
<Cell><Data ss:Type="Number">3.000000</Data></Cell>
<Cell><Data ss:Type="Number">10</Data></Cell>
<Cell><Data ss:Type="Number">2230</Data></Cell>
<Cell><Data ss:Type="Number">170</Data></Cell>
<Cell><Data ss:Type="Number">34</Data></Cell>
<Cell><Data ss:Type="Number">304</Data></Cell>
<Cell><Data ss:Type="Number">2.870000</Data></Cell>
<Cell><Data ss:Type="Number">0</Data></Cell>
</Row>
<Row>
<Cell><Data ss:Type="String">Buick Regal</Data></Cell>
<Cell><Data ss:Type="Number">5189</Data></Cell>
<Cell><Data ss:Type="Number">20</Data></Cell>
<Cell><Data ss:Type="Number">3</Data></Cell>
<Cell><Data ss:Type="Number">2.000000</Data></Cell>
<Cell><Data ss:Type="Number">16</Data></Cell>
<Cell><Data ss:Type="Number">3280</Data></Cell>
<Cell><Data ss:Type="Number">200</Data></Cell>
<Cell><Data ss:Type="Number">42</Data></Cell>
<Cell><Data ss:Type="Number">196</Data></Cell>
<Cell><Data ss:Type="Number">2.930000</Data></Cell>
<Cell><Data ss:Type="Number">0</Data></Cell>
</Row>
<Row>
<Cell><Data ss:Type="String">Buick Riviera</Data></Cell>
<Cell><Data ss:Type="Number">10372</Data></Cell>
<Cell><Data ss:Type="Number">16</Data></Cell>
<Cell><Data ss:Type="Number">3</Data></Cell>
<Cell><Data ss:Type="Number">3.500000</Data></Cell>
<Cell><Data ss:Type="Number">17</Data></Cell>
<Cell><Data ss:Type="Number">3880</Data></Cell>
<Cell><Data ss:Type="Number">207</Data></Cell>
<Cell><Data ss:Type="Number">43</Data></Cell>
<Cell><Data ss:Type="Number">231</Data></Cell>
<Cell><Data ss:Type="Number">2.930000</Data></Cell>
<Cell><Data ss:Type="Number">0</Data></Cell>
</Row>
<Row>
<Cell><Data ss:Type="String">Buick Skylark</Data></Cell>
<Cell><Data ss:Type="Number">4082</Data></Cell>
<Cell><Data ss:Type="Number">19</Data></Cell>
<Cell><Data ss:Type="Number">3</Data></Cell>
<Cell><Data ss:Type="Number">3.500000</Data></Cell>
<Cell><Data ss:Type="Number">13</Data></Cell>
<Cell><Data ss:Type="Number">3400</Data></Cell>
<Cell><Data ss:Type="Number">200</Data></Cell>
<Cell><Data ss:Type="Number">42</Data></Cell>
<Cell><Data ss:Type="Number">231</Data></Cell>
<Cell><Data ss:Type="Number">3.080000</Data></Cell>
<Cell><Data ss:Type="Number">0</Data></Cell>
</Row>
<Row>
<Cell><Data ss:Type="String">Cad. Deville</Data></Cell>
<Cell><Data ss:Type="Number">11385</Data></Cell>
<Cell><Data ss:Type="Number">14</Data></Cell>
<Cell><Data ss:Type="Number">3</Data></Cell>
<Cell><Data ss:Type="Number">4.000000</Data></Cell>
<Cell><Data ss:Type="Number">20</Data></Cell>
<Cell><Data ss:Type="Number">4330</Data></Cell>
<Cell><Data ss:Type="Number">221</Data></Cell>
<Cell><Data ss:Type="Number">44</Data></Cell>
<Cell><Data ss:Type="Number">425</Data></Cell>
<Cell><Data ss:Type="Number">2.280000</Data></Cell>
<Cell><Data ss:Type="Number">0</Data></Cell>
</Row>
<Row>
<Cell><Data ss:Type="String">Cad. Eldorado</Data></Cell>
<Cell><Data ss:Type="Number">14500</Data></Cell>
<Cell><Data ss:Type="Number">14</Data></Cell>
<Cell><Data ss:Type="Number">2</Data></Cell>
<Cell><Data ss:Type="Number">3.500000</Data></Cell>
<Cell><Data ss:Type="Number">16</Data></Cell>
<Cell><Data ss:Type="Number">3900</Data></Cell>
<Cell><Data ss:Type="Number">204</Data></Cell>
<Cell><Data ss:Type="Number">43</Data></Cell>
<Cell><Data ss:Type="Number">350</Data></Cell>
<Cell><Data ss:Type="Number">2.190000</Data></Cell>
<Cell><Data ss:Type="Number">0</Data></Cell>
</Row>
<Row>
<Cell><Data ss:Type="String">Cad. Seville</Data></Cell>
<Cell><Data ss:Type="Number">15906</Data></Cell>
<Cell><Data ss:Type="Number">21</Data></Cell>
<Cell><Data ss:Type="Number">3</Data></Cell>
<Cell><Data ss:Type="Number">3.000000</Data></Cell>
<Cell><Data ss:Type="Number">13</Data></Cell>
<Cell><Data ss:Type="Number">4290</Data></Cell>
<Cell><Data ss:Type="Number">204</Data></Cell>
<Cell><Data ss:Type="Number">45</Data></Cell>
<Cell><Data ss:Type="Number">350</Data></Cell>
<Cell><Data ss:Type="Number">2.240000</Data></Cell>
<Cell><Data ss:Type="Number">0</Data></Cell>
</Row>
<Row>
<Cell><Data ss:Type="String">Chev. Chevette</Data></Cell>
<Cell><Data ss:Type="Number">3299</Data></Cell>
<Cell><Data ss:Type="Number">29</Data></Cell>
<Cell><Data ss:Type="Number">3</Data></Cell>
<Cell><Data ss:Type="Number">2.500000</Data></Cell>
<Cell><Data ss:Type="Number">9</Data></Cell>
<Cell><Data ss:Type="Number">2110</Data></Cell>
<Cell><Data ss:Type="Number">163</Data></Cell>
<Cell><Data ss:Type="Number">34</Data></Cell>
<Cell><Data ss:Type="Number">231</Data></Cell>
<Cell><Data ss:Type="Number">2.930000</Data></Cell>
<Cell><Data ss:Type="Number">0</Data></Cell>
</Row>
<Row>
<Cell><Data ss:Type="String">Chev. Impala</Data></Cell>
<Cell><Data ss:Type="Number">5705</Data></Cell>
<Cell><Data ss:Type="Number">16</Data></Cell>
<Cell><Data ss:Type="Number">4</Data></Cell>
<Cell><Data ss:Type="Number">4.000000</Data></Cell>
<Cell><Data ss:Type="Number">20</Data></Cell>
<Cell><Data ss:Type="Number">3690</Data></Cell>
<Cell><Data ss:Type="Number">212</Data></Cell>
<Cell><Data ss:Type="Number">43</Data></Cell>
<Cell><Data ss:Type="Number">250</Data></Cell>
<Cell><Data ss:Type="Number">2.560000</Data></Cell>
<Cell><Data ss:Type="Number">0</Data></Cell>
</Row>
<Row>
<Cell><Data ss:Type="String">Chev. Malibu</Data></Cell>
<Cell><Data ss:Type="Number">4504</Data></Cell>
<Cell><Data ss:Type="Number">22</Data></Cell>
<Cell><Data ss:Type="Number">3</Data></Cell>
<Cell><Data ss:Type="Number">3.500000</Data></Cell>
<Cell><Data ss:Type="Number">17</Data></Cell>
<Cell><Data ss:Type="Number">3180</Data></Cell>
<Cell><Data ss:Type="Number">193</Data></Cell>
<Cell><Data ss:Type="Number">31</Data></Cell>
<Cell><Data ss:Type="Number">200</Data></Cell>
<Cell><Data ss:Type="Number">2.730000</Data></Cell>
<Cell><Data ss:Type="Number">0</Data></Cell>
</Row>
<Row>
<Cell><Data ss:Type="String">Chev. Monte Carlo</Data></Cell>
<Cell><Data ss:Type="Number">5104</Data></Cell>
<Cell><Data ss:Type="Number">22</Data></Cell>
<Cell><Data ss:Type="Number">2</Data></Cell>
<Cell><Data ss:Type="Number">2.000000</Data></Cell>
<Cell><Data ss:Type="Number">16</Data></Cell>
<Cell><Data ss:Type="Number">3220</Data></Cell>
<Cell><Data ss:Type="Number">200</Data></Cell>
<Cell><Data ss:Type="Number">41</Data></Cell>
<Cell><Data ss:Type="Number">200</Data></Cell>
<Cell><Data ss:Type="Number">2.730000</Data></Cell>
<Cell><Data ss:Type="Number">0</Data></Cell>
</Row>
<Row>
<Cell><Data ss:Type="String">Chev. Monza</Data></Cell>
<Cell><Data ss:Type="Number">3667</Data></Cell>
<Cell><Data ss:Type="Number">24</Data></Cell>
<Cell><Data ss:Type="Number">2</Data></Cell>
<Cell><Data ss:Type="Number">2.000000</Data></Cell>
<Cell><Data ss:Type="Number">7</Data></Cell>
<Cell><Data ss:Type="Number">2750</Data></Cell>
<Cell><Data ss:Type="Number">179</Data></Cell>
<Cell><Data ss:Type="Number">40</Data></Cell>
<Cell><Data ss:Type="Number">151</Data></Cell>
<Cell><Data ss:Type="Number">2.730000</Data></Cell>
<Cell><Data ss:Type="Number">0</Data></Cell>
</Row>
<Row>
<Cell><Data ss:Type="String">Chev. Nova</Data></Cell>
<Cell><Data ss:Type="Number">3955</Data></Cell>
<Cell><Data ss:Type="Number">19</Data></Cell>
<Cell><Data ss:Type="Number">3</Data></Cell>
<Cell><Data ss:Type="Number">3.500000</Data></Cell>
<Cell><Data ss:Type="Number">13</Data></Cell>
<Cell><Data ss:Type="Number">3430</Data></Cell>
<Cell><Data ss:Type="Number">197</Data></Cell>
<Cell><Data ss:Type="Number">43</Data></Cell>
<Cell><Data ss:Type="Number">250</Data></Cell>
<Cell><Data ss:Type="Number">2.560000</Data></Cell>
<Cell><Data ss:Type="Number">0</Data></Cell>
</Row>
<Row>
<Cell><Data ss:Type="String">Dodge Colt</Data></Cell>
<Cell><Data ss:Type="Number">3984</Data></Cell>
<Cell><Data ss:Type="Number">30</Data></Cell>
<Cell><Data ss:Type="Number">5</Data></Cell>
<Cell><Data ss:Type="Number">2.000000</Data></Cell>
<Cell><Data ss:Type="Number">8</Data></Cell>
<Cell><Data ss:Type="Number">2120</Data></Cell>
<Cell><Data ss:Type="Number">163</Data></Cell>
<Cell><Data ss:Type="Number">35</Data></Cell>
<Cell><Data ss:Type="Number">98</Data></Cell>
<Cell><Data ss:Type="Number">3.540000</Data></Cell>
<Cell><Data ss:Type="Number">0</Data></Cell>
</Row>
<Row>
<Cell><Data ss:Type="String">Dodge Diplomat</Data></Cell>
<Cell><Data ss:Type="Number">4010</Data></Cell>
<Cell><Data ss:Type="Number">18</Data></Cell>
<Cell><Data ss:Type="Number">2</Data></Cell>
<Cell><Data ss:Type="Number">4.000000</Data></Cell>
<Cell><Data ss:Type="Number">17</Data></Cell>
<Cell><Data ss:Type="Number">3600</Data></Cell>
<Cell><Data ss:Type="Number">206</Data></Cell>
<Cell><Data ss:Type="Number">46</Data></Cell>
<Cell><Data ss:Type="Number">318</Data></Cell>
<Cell><Data ss:Type="Number">2.470000</Data></Cell>
<Cell><Data ss:Type="Number">0</Data></Cell>
</Row>
<Row>
<Cell><Data ss:Type="String">Dodge Magnum</Data></Cell>
<Cell><Data ss:Type="Number">5886</Data></Cell>
<Cell><Data ss:Type="Number">16</Data></Cell>
<Cell><Data ss:Type="Number">2</Data></Cell>
<Cell><Data ss:Type="Number">4.000000</Data></Cell>
<Cell><Data ss:Type="Number">17</Data></Cell>
<Cell><Data ss:Type="Number">3600</Data></Cell>
<Cell><Data ss:Type="Number">206</Data></Cell>
<Cell><Data ss:Type="Number">46</Data></Cell>
<Cell><Data ss:Type="Number">318</Data></Cell>
<Cell><Data ss:Type="Number">2.470000</Data></Cell>
<Cell><Data ss:Type="Number">0</Data></Cell>
</Row>
<Row>
<Cell><Data ss:Type="String">Dodge St. Regis</Data></Cell>
<Cell><Data ss:Type="Number">6342</Data></Cell>
<Cell><Data ss:Type="Number">17</Data></Cell>
<Cell><Data ss:Type="Number">2</Data></Cell>
<Cell><Data ss:Type="Number">4.500000</Data></Cell>
<Cell><Data ss:Type="Number">21</Data></Cell>
<Cell><Data ss:Type="Number">3740</Data></Cell>
<Cell><Data ss:Type="Number">220</Data></Cell>
<Cell><Data ss:Type="Number">46</Data></Cell>
<Cell><Data ss:Type="Number">225</Data></Cell>
<Cell><Data ss:Type="Number">2.940000</Data></Cell>
<Cell><Data ss:Type="Number">0</Data></Cell>
</Row>
<Row>
<Cell><Data ss:Type="String">Ford Fiesta</Data></Cell>
<Cell><Data ss:Type="Number">4389</Data></Cell>
<Cell><Data ss:Type="Number">28</Data></Cell>
<Cell><Data ss:Type="Number">4</Data></Cell>
<Cell><Data ss:Type="Number">1.500000</Data></Cell>
<Cell><Data ss:Type="Number">9</Data></Cell>
<Cell><Data ss:Type="Number">1800</Data></Cell>
<Cell><Data ss:Type="Number">147</Data></Cell>
<Cell><Data ss:Type="Number">33</Data></Cell>
<Cell><Data ss:Type="Number">98</Data></Cell>
<Cell><Data ss:Type="Number">3.150000</Data></Cell>
<Cell><Data ss:Type="Number">0</Data></Cell>
</Row>
<Row>
<Cell><Data ss:Type="String">Ford Mustang</Data></Cell>
<Cell><Data ss:Type="Number">4187</Data></Cell>
<Cell><Data ss:Type="Number">21</Data></Cell>
<Cell><Data ss:Type="Number">3</Data></Cell>
<Cell><Data ss:Type="Number">2.000000</Data></Cell>
<Cell><Data ss:Type="Number">10</Data></Cell>
<Cell><Data ss:Type="Number">2650</Data></Cell>
<Cell><Data ss:Type="Number">179</Data></Cell>
<Cell><Data ss:Type="Number">43</Data></Cell>
<Cell><Data ss:Type="Number">140</Data></Cell>
<Cell><Data ss:Type="Number">3.080000</Data></Cell>
<Cell><Data ss:Type="Number">0</Data></Cell>
</Row>
<Row>
<Cell><Data ss:Type="String">Linc. Continental</Data></Cell>
<Cell><Data ss:Type="Number">11497</Data></Cell>
<Cell><Data ss:Type="Number">12</Data></Cell>
<Cell><Data ss:Type="Number">3</Data></Cell>
<Cell><Data ss:Type="Number">3.500000</Data></Cell>
<Cell><Data ss:Type="Number">22</Data></Cell>
<Cell><Data ss:Type="Number">4840</Data></Cell>
<Cell><Data ss:Type="Number">233</Data></Cell>
<Cell><Data ss:Type="Number">51</Data></Cell>
<Cell><Data ss:Type="Number">400</Data></Cell>
<Cell><Data ss:Type="Number">2.470000</Data></Cell>
<Cell><Data ss:Type="Number">0</Data></Cell>
</Row>
<Row>
<Cell><Data ss:Type="String">Linc. Mark V</Data></Cell>
<Cell><Data ss:Type="Number">13594</Data></Cell>
<Cell><Data ss:Type="Number">12</Data></Cell>
<Cell><Data ss:Type="Number">3</Data></Cell>
<Cell><Data ss:Type="Number">2.500000</Data></Cell>
<Cell><Data ss:Type="Number">18</Data></Cell>
<Cell><Data ss:Type="Number">4720</Data></Cell>
<Cell><Data ss:Type="Number">230</Data></Cell>
<Cell><Data ss:Type="Number">48</Data></Cell>
<Cell><Data ss:Type="Number">400</Data></Cell>
<Cell><Data ss:Type="Number">2.470000</Data></Cell>
<Cell><Data ss:Type="Number">0</Data></Cell>
</Row>
<Row>
<Cell><Data ss:Type="String">Linc. Versailles</Data></Cell>
<Cell><Data ss:Type="Number">13466</Data></Cell>
<Cell><Data ss:Type="Number">14</Data></Cell>
<Cell><Data ss:Type="Number">3</Data></Cell>
<Cell><Data ss:Type="Number">3.500000</Data></Cell>
<Cell><Data ss:Type="Number">15</Data></Cell>
<Cell><Data ss:Type="Number">3830</Data></Cell>
<Cell><Data ss:Type="Number">201</Data></Cell>
<Cell><Data ss:Type="Number">41</Data></Cell>
<Cell><Data ss:Type="Number">302</Data></Cell>
<Cell><Data ss:Type="Number">2.470000</Data></Cell>
<Cell><Data ss:Type="Number">0</Data></Cell>
</Row>
<Row>
<Cell><Data ss:Type="String">Merc. Bobcat</Data></Cell>
<Cell><Data ss:Type="Number">3829</Data></Cell>
<Cell><Data ss:Type="Number">22</Data></Cell>
<Cell><Data ss:Type="Number">4</Data></Cell>
<Cell><Data ss:Type="Number">3.000000</Data></Cell>
<Cell><Data ss:Type="Number">9</Data></Cell>
<Cell><Data ss:Type="Number">2580</Data></Cell>
<Cell><Data ss:Type="Number">169</Data></Cell>
<Cell><Data ss:Type="Number">39</Data></Cell>
<Cell><Data ss:Type="Number">140</Data></Cell>
<Cell><Data ss:Type="Number">2.730000</Data></Cell>
<Cell><Data ss:Type="Number">0</Data></Cell>
</Row>
<Row>
<Cell><Data ss:Type="String">Merc. Cougar</Data></Cell>
<Cell><Data ss:Type="Number">5379</Data></Cell>
<Cell><Data ss:Type="Number">14</Data></Cell>
<Cell><Data ss:Type="Number">4</Data></Cell>
<Cell><Data ss:Type="Number">3.500000</Data></Cell>
<Cell><Data ss:Type="Number">16</Data></Cell>
<Cell><Data ss:Type="Number">4060</Data></Cell>
<Cell><Data ss:Type="Number">221</Data></Cell>
<Cell><Data ss:Type="Number">48</Data></Cell>
<Cell><Data ss:Type="Number">302</Data></Cell>
<Cell><Data ss:Type="Number">2.750000</Data></Cell>
<Cell><Data ss:Type="Number">0</Data></Cell>
</Row>
<Row>
<Cell><Data ss:Type="String">Merc. Marquis</Data></Cell>
<Cell><Data ss:Type="Number">6165</Data></Cell>
<Cell><Data ss:Type="Number">15</Data></Cell>
<Cell><Data ss:Type="Number">3</Data></Cell>
<Cell><Data ss:Type="Number">3.500000</Data></Cell>
<Cell><Data ss:Type="Number">23</Data></Cell>
<Cell><Data ss:Type="Number">3720</Data></Cell>
<Cell><Data ss:Type="Number">212</Data></Cell>
<Cell><Data ss:Type="Number">44</Data></Cell>
<Cell><Data ss:Type="Number">302</Data></Cell>
<Cell><Data ss:Type="Number">2.260000</Data></Cell>
<Cell><Data ss:Type="Number">0</Data></Cell>
</Row>
<Row>
<Cell><Data ss:Type="String">Merc. Monarch</Data></Cell>
<Cell><Data ss:Type="Number">4516</Data></Cell>
<Cell><Data ss:Type="Number">18</Data></Cell>
<Cell><Data ss:Type="Number">3</Data></Cell>
<Cell><Data ss:Type="Number">3.000000</Data></Cell>
<Cell><Data ss:Type="Number">15</Data></Cell>
<Cell><Data ss:Type="Number">3370</Data></Cell>
<Cell><Data ss:Type="Number">198</Data></Cell>
<Cell><Data ss:Type="Number">41</Data></Cell>
<Cell><Data ss:Type="Number">250</Data></Cell>
<Cell><Data ss:Type="Number">2.430000</Data></Cell>
<Cell><Data ss:Type="Number">0</Data></Cell>
</Row>
<Row>
<Cell><Data ss:Type="String">Merc. XR-7</Data></Cell>
<Cell><Data ss:Type="Number">6303</Data></Cell>
<Cell><Data ss:Type="Number">14</Data></Cell>
<Cell><Data ss:Type="Number">4</Data></Cell>
<Cell><Data ss:Type="Number">3.000000</Data></Cell>
<Cell><Data ss:Type="Number">16</Data></Cell>
<Cell><Data ss:Type="Number">4130</Data></Cell>
<Cell><Data ss:Type="Number">217</Data></Cell>
<Cell><Data ss:Type="Number">45</Data></Cell>
<Cell><Data ss:Type="Number">302</Data></Cell>
<Cell><Data ss:Type="Number">2.750000</Data></Cell>
<Cell><Data ss:Type="Number">0</Data></Cell>
</Row>
<Row>
<Cell><Data ss:Type="String">Merc. Zephyr</Data></Cell>
<Cell><Data ss:Type="Number">3291</Data></Cell>
<Cell><Data ss:Type="Number">20</Data></Cell>
<Cell><Data ss:Type="Number">3</Data></Cell>
<Cell><Data ss:Type="Number">3.500000</Data></Cell>
<Cell><Data ss:Type="Number">17</Data></Cell>
<Cell><Data ss:Type="Number">2830</Data></Cell>
<Cell><Data ss:Type="Number">195</Data></Cell>
<Cell><Data ss:Type="Number">43</Data></Cell>
<Cell><Data ss:Type="Number">140</Data></Cell>
<Cell><Data ss:Type="Number">3.080000</Data></Cell>
<Cell><Data ss:Type="Number">0</Data></Cell>
</Row>
<Row>
<Cell><Data ss:Type="String">Olds 98</Data></Cell>
<Cell><Data ss:Type="Number">8814</Data></Cell>
<Cell><Data ss:Type="Number">21</Data></Cell>
<Cell><Data ss:Type="Number">4</Data></Cell>
<Cell><Data ss:Type="Number">4.000000</Data></Cell>
<Cell><Data ss:Type="Number">20</Data></Cell>
<Cell><Data ss:Type="Number">4060</Data></Cell>
<Cell><Data ss:Type="Number">220</Data></Cell>
<Cell><Data ss:Type="Number">43</Data></Cell>
<Cell><Data ss:Type="Number">350</Data></Cell>
<Cell><Data ss:Type="Number">2.410000</Data></Cell>
<Cell><Data ss:Type="Number">0</Data></Cell>
</Row>
<Row>
<Cell><Data ss:Type="String">Olds Cutl Supr</Data></Cell>
<Cell><Data ss:Type="Number">5172</Data></Cell>
<Cell><Data ss:Type="Number">19</Data></Cell>
<Cell><Data ss:Type="Number">3</Data></Cell>
<Cell><Data ss:Type="Number">2.000000</Data></Cell>
<Cell><Data ss:Type="Number">16</Data></Cell>
<Cell><Data ss:Type="Number">3310</Data></Cell>
<Cell><Data ss:Type="Number">198</Data></Cell>
<Cell><Data ss:Type="Number">42</Data></Cell>
<Cell><Data ss:Type="Number">231</Data></Cell>
<Cell><Data ss:Type="Number">2.930000</Data></Cell>
<Cell><Data ss:Type="Number">0</Data></Cell>
</Row>
<Row>
<Cell><Data ss:Type="String">Olds Cutlass</Data></Cell>
<Cell><Data ss:Type="Number">4733</Data></Cell>
<Cell><Data ss:Type="Number">19</Data></Cell>
<Cell><Data ss:Type="Number">3</Data></Cell>
<Cell><Data ss:Type="Number">4.500000</Data></Cell>
<Cell><Data ss:Type="Number">16</Data></Cell>
<Cell><Data ss:Type="Number">3300</Data></Cell>
<Cell><Data ss:Type="Number">198</Data></Cell>
<Cell><Data ss:Type="Number">42</Data></Cell>
<Cell><Data ss:Type="Number">231</Data></Cell>
<Cell><Data ss:Type="Number">2.930000</Data></Cell>
<Cell><Data ss:Type="Number">0</Data></Cell>
</Row>
<Row>
<Cell><Data ss:Type="String">Olds Delta 88</Data></Cell>
<Cell><Data ss:Type="Number">4890</Data></Cell>
<Cell><Data ss:Type="Number">18</Data></Cell>
<Cell><Data ss:Type="Number">4</Data></Cell>
<Cell><Data ss:Type="Number">4.000000</Data></Cell>
<Cell><Data ss:Type="Number">20</Data></Cell>
<Cell><Data ss:Type="Number">3690</Data></Cell>
<Cell><Data ss:Type="Number">218</Data></Cell>
<Cell><Data ss:Type="Number">42</Data></Cell>
<Cell><Data ss:Type="Number">231</Data></Cell>
<Cell><Data ss:Type="Number">2.730000</Data></Cell>
<Cell><Data ss:Type="Number">0</Data></Cell>
</Row>
<Row>
<Cell><Data ss:Type="String">Olds Omega</Data></Cell>
<Cell><Data ss:Type="Number">4181</Data></Cell>
<Cell><Data ss:Type="Number">19</Data></Cell>
<Cell><Data ss:Type="Number">3</Data></Cell>
<Cell><Data ss:Type="Number">4.500000</Data></Cell>
<Cell><Data ss:Type="Number">14</Data></Cell>
<Cell><Data ss:Type="Number">3370</Data></Cell>
<Cell><Data ss:Type="Number">200</Data></Cell>
<Cell><Data ss:Type="Number">43</Data></Cell>
<Cell><Data ss:Type="Number">231</Data></Cell>
<Cell><Data ss:Type="Number">3.080000</Data></Cell>
<Cell><Data ss:Type="Number">0</Data></Cell>
</Row>
<Row>
<Cell><Data ss:Type="String">Olds Starfire</Data></Cell>
<Cell><Data ss:Type="Number">4195</Data></Cell>
<Cell><Data ss:Type="Number">24</Data></Cell>
<Cell><Data ss:Type="Number">1</Data></Cell>
<Cell><Data ss:Type="Number">2.000000</Data></Cell>
<Cell><Data ss:Type="Number">10</Data></Cell>
<Cell><Data ss:Type="Number">2730</Data></Cell>
<Cell><Data ss:Type="Number">180</Data></Cell>
<Cell><Data ss:Type="Number">40</Data></Cell>
<Cell><Data ss:Type="Number">151</Data></Cell>
<Cell><Data ss:Type="Number">2.730000</Data></Cell>
<Cell><Data ss:Type="Number">0</Data></Cell>
</Row>
<Row>
<Cell><Data ss:Type="String">Olds Toronado</Data></Cell>
<Cell><Data ss:Type="Number">10371</Data></Cell>
<Cell><Data ss:Type="Number">16</Data></Cell>
<Cell><Data ss:Type="Number">3</Data></Cell>
<Cell><Data ss:Type="Number">3.500000</Data></Cell>
<Cell><Data ss:Type="Number">17</Data></Cell>
<Cell><Data ss:Type="Number">4030</Data></Cell>
<Cell><Data ss:Type="Number">206</Data></Cell>
<Cell><Data ss:Type="Number">43</Data></Cell>
<Cell><Data ss:Type="Number">350</Data></Cell>
<Cell><Data ss:Type="Number">2.410000</Data></Cell>
<Cell><Data ss:Type="Number">0</Data></Cell>
</Row>
<Row>
<Cell><Data ss:Type="String">Plym. Arrow</Data></Cell>
<Cell><Data ss:Type="Number">4647</Data></Cell>
<Cell><Data ss:Type="Number">28</Data></Cell>
<Cell><Data ss:Type="Number">3</Data></Cell>
<Cell><Data ss:Type="Number">2.000000</Data></Cell>
<Cell><Data ss:Type="Number">11</Data></Cell>
<Cell><Data ss:Type="Number">3260</Data></Cell>
<Cell><Data ss:Type="Number">170</Data></Cell>
<Cell><Data ss:Type="Number">37</Data></Cell>
<Cell><Data ss:Type="Number">156</Data></Cell>
<Cell><Data ss:Type="Number">3.050000</Data></Cell>
<Cell><Data ss:Type="Number">0</Data></Cell>
</Row>
<Row>
<Cell><Data ss:Type="String">Plym. Champ</Data></Cell>
<Cell><Data ss:Type="Number">4425</Data></Cell>
<Cell><Data ss:Type="Number">34</Data></Cell>
<Cell><Data ss:Type="Number">5</Data></Cell>
<Cell><Data ss:Type="Number">2.500000</Data></Cell>
<Cell><Data ss:Type="Number">11</Data></Cell>
<Cell><Data ss:Type="Number">1800</Data></Cell>
<Cell><Data ss:Type="Number">157</Data></Cell>
<Cell><Data ss:Type="Number">37</Data></Cell>
<Cell><Data ss:Type="Number">86</Data></Cell>
<Cell><Data ss:Type="Number">2.970000</Data></Cell>
<Cell><Data ss:Type="Number">0</Data></Cell>
</Row>
<Row>
<Cell><Data ss:Type="String">Plym. Horizon</Data></Cell>
<Cell><Data ss:Type="Number">4482</Data></Cell>
<Cell><Data ss:Type="Number">25</Data></Cell>
<Cell><Data ss:Type="Number">3</Data></Cell>
<Cell><Data ss:Type="Number">4.000000</Data></Cell>
<Cell><Data ss:Type="Number">17</Data></Cell>
<Cell><Data ss:Type="Number">2200</Data></Cell>
<Cell><Data ss:Type="Number">165</Data></Cell>
<Cell><Data ss:Type="Number">36</Data></Cell>
<Cell><Data ss:Type="Number">105</Data></Cell>
<Cell><Data ss:Type="Number">3.370000</Data></Cell>
<Cell><Data ss:Type="Number">0</Data></Cell>
</Row>
<Row>
<Cell><Data ss:Type="String">Plym. Sapporo</Data></Cell>
<Cell><Data ss:Type="Number">6486</Data></Cell>
<Cell><Data ss:Type="Number">26</Data></Cell>
<Cell></Cell>
<Cell><Data ss:Type="Number">1.500000</Data></Cell>
<Cell><Data ss:Type="Number">8</Data></Cell>
<Cell><Data ss:Type="Number">2520</Data></Cell>
<Cell><Data ss:Type="Number">182</Data></Cell>
<Cell><Data ss:Type="Number">38</Data></Cell>
<Cell><Data ss:Type="Number">119</Data></Cell>
<Cell><Data ss:Type="Number">3.540000</Data></Cell>
<Cell><Data ss:Type="Number">0</Data></Cell>
</Row>
<Row>
<Cell><Data ss:Type="String">Plym. Volare</Data></Cell>
<Cell><Data ss:Type="Number">4060</Data></Cell>
<Cell><Data ss:Type="Number">18</Data></Cell>
<Cell><Data ss:Type="Number">2</Data></Cell>
<Cell><Data ss:Type="Number">5.000000</Data></Cell>
<Cell><Data ss:Type="Number">16</Data></Cell>
<Cell><Data ss:Type="Number">3330</Data></Cell>
<Cell><Data ss:Type="Number">201</Data></Cell>
<Cell><Data ss:Type="Number">44</Data></Cell>
<Cell><Data ss:Type="Number">225</Data></Cell>
<Cell><Data ss:Type="Number">3.230000</Data></Cell>
<Cell><Data ss:Type="Number">0</Data></Cell>
</Row>
<Row>
<Cell><Data ss:Type="String">Pont. Catalina</Data></Cell>
<Cell><Data ss:Type="Number">5798</Data></Cell>
<Cell><Data ss:Type="Number">18</Data></Cell>
<Cell><Data ss:Type="Number">4</Data></Cell>
<Cell><Data ss:Type="Number">4.000000</Data></Cell>
<Cell><Data ss:Type="Number">20</Data></Cell>
<Cell><Data ss:Type="Number">3700</Data></Cell>
<Cell><Data ss:Type="Number">214</Data></Cell>
<Cell><Data ss:Type="Number">42</Data></Cell>
<Cell><Data ss:Type="Number">231</Data></Cell>
<Cell><Data ss:Type="Number">2.730000</Data></Cell>
<Cell><Data ss:Type="Number">0</Data></Cell>
</Row>
<Row>
<Cell><Data ss:Type="String">Pont. Firebird</Data></Cell>
<Cell><Data ss:Type="Number">4934</Data></Cell>
<Cell><Data ss:Type="Number">18</Data></Cell>
<Cell><Data ss:Type="Number">1</Data></Cell>
<Cell><Data ss:Type="Number">1.500000</Data></Cell>
<Cell><Data ss:Type="Number">7</Data></Cell>
<Cell><Data ss:Type="Number">3470</Data></Cell>
<Cell><Data ss:Type="Number">198</Data></Cell>
<Cell><Data ss:Type="Number">42</Data></Cell>
<Cell><Data ss:Type="Number">231</Data></Cell>
<Cell><Data ss:Type="Number">3.080000</Data></Cell>
<Cell><Data ss:Type="Number">0</Data></Cell>
</Row>
<Row>
<Cell><Data ss:Type="String">Pont. Grand Prix</Data></Cell>
<Cell><Data ss:Type="Number">5222</Data></Cell>
<Cell><Data ss:Type="Number">19</Data></Cell>
<Cell><Data ss:Type="Number">3</Data></Cell>
<Cell><Data ss:Type="Number">2.000000</Data></Cell>
<Cell><Data ss:Type="Number">16</Data></Cell>
<Cell><Data ss:Type="Number">3210</Data></Cell>
<Cell><Data ss:Type="Number">201</Data></Cell>
<Cell><Data ss:Type="Number">45</Data></Cell>
<Cell><Data ss:Type="Number">231</Data></Cell>
<Cell><Data ss:Type="Number">2.930000</Data></Cell>
<Cell><Data ss:Type="Number">0</Data></Cell>
</Row>
<Row>
<Cell><Data ss:Type="String">Pont. Le Mans</Data></Cell>
<Cell><Data ss:Type="Number">4723</Data></Cell>
<Cell><Data ss:Type="Number">19</Data></Cell>
<Cell><Data ss:Type="Number">3</Data></Cell>
<Cell><Data ss:Type="Number">3.500000</Data></Cell>
<Cell><Data ss:Type="Number">17</Data></Cell>
<Cell><Data ss:Type="Number">3200</Data></Cell>
<Cell><Data ss:Type="Number">199</Data></Cell>
<Cell><Data ss:Type="Number">40</Data></Cell>
<Cell><Data ss:Type="Number">231</Data></Cell>
<Cell><Data ss:Type="Number">2.930000</Data></Cell>
<Cell><Data ss:Type="Number">0</Data></Cell>
</Row>
<Row>
<Cell><Data ss:Type="String">Pont. Phoenix</Data></Cell>
<Cell><Data ss:Type="Number">4424</Data></Cell>
<Cell><Data ss:Type="Number">19</Data></Cell>
<Cell></Cell>
<Cell><Data ss:Type="Number">3.500000</Data></Cell>
<Cell><Data ss:Type="Number">13</Data></Cell>
<Cell><Data ss:Type="Number">3420</Data></Cell>
<Cell><Data ss:Type="Number">203</Data></Cell>
<Cell><Data ss:Type="Number">43</Data></Cell>
<Cell><Data ss:Type="Number">231</Data></Cell>
<Cell><Data ss:Type="Number">3.080000</Data></Cell>
<Cell><Data ss:Type="Number">0</Data></Cell>
</Row>
<Row>
<Cell><Data ss:Type="String">Pont. Sunbird</Data></Cell>
<Cell><Data ss:Type="Number">4172</Data></Cell>
<Cell><Data ss:Type="Number">24</Data></Cell>
<Cell><Data ss:Type="Number">2</Data></Cell>
<Cell><Data ss:Type="Number">2.000000</Data></Cell>
<Cell><Data ss:Type="Number">7</Data></Cell>
<Cell><Data ss:Type="Number">2690</Data></Cell>
<Cell><Data ss:Type="Number">179</Data></Cell>
<Cell><Data ss:Type="Number">41</Data></Cell>
<Cell><Data ss:Type="Number">151</Data></Cell>
<Cell><Data ss:Type="Number">2.730000</Data></Cell>
<Cell><Data ss:Type="Number">0</Data></Cell>
</Row>
<Row>
<Cell><Data ss:Type="String">Audi 5000</Data></Cell>
<Cell><Data ss:Type="Number">9690</Data></Cell>
<Cell><Data ss:Type="Number">17</Data></Cell>
<Cell><Data ss:Type="Number">5</Data></Cell>
<Cell><Data ss:Type="Number">3.000000</Data></Cell>
<Cell><Data ss:Type="Number">15</Data></Cell>
<Cell><Data ss:Type="Number">2830</Data></Cell>
<Cell><Data ss:Type="Number">189</Data></Cell>
<Cell><Data ss:Type="Number">37</Data></Cell>
<Cell><Data ss:Type="Number">131</Data></Cell>
<Cell><Data ss:Type="Number">3.200000</Data></Cell>
<Cell><Data ss:Type="Number">1</Data></Cell>
</Row>
<Row>
<Cell><Data ss:Type="String">Audi Fox</Data></Cell>
<Cell><Data ss:Type="Number">6295</Data></Cell>
<Cell><Data ss:Type="Number">23</Data></Cell>
<Cell><Data ss:Type="Number">3</Data></Cell>
<Cell><Data ss:Type="Number">2.500000</Data></Cell>
<Cell><Data ss:Type="Number">11</Data></Cell>
<Cell><Data ss:Type="Number">2070</Data></Cell>
<Cell><Data ss:Type="Number">174</Data></Cell>
<Cell><Data ss:Type="Number">36</Data></Cell>
<Cell><Data ss:Type="Number">97</Data></Cell>
<Cell><Data ss:Type="Number">3.700000</Data></Cell>
<Cell><Data ss:Type="Number">1</Data></Cell>
</Row>
<Row>
<Cell><Data ss:Type="String">BMW 320i</Data></Cell>
<Cell><Data ss:Type="Number">9735</Data></Cell>
<Cell><Data ss:Type="Number">25</Data></Cell>
<Cell><Data ss:Type="Number">4</Data></Cell>
<Cell><Data ss:Type="Number">2.500000</Data></Cell>
<Cell><Data ss:Type="Number">12</Data></Cell>
<Cell><Data ss:Type="Number">2650</Data></Cell>
<Cell><Data ss:Type="Number">177</Data></Cell>
<Cell><Data ss:Type="Number">34</Data></Cell>
<Cell><Data ss:Type="Number">121</Data></Cell>
<Cell><Data ss:Type="Number">3.640000</Data></Cell>
<Cell><Data ss:Type="Number">1</Data></Cell>
</Row>
<Row>
<Cell><Data ss:Type="String">Datsun 200</Data></Cell>
<Cell><Data ss:Type="Number">6229</Data></Cell>
<Cell><Data ss:Type="Number">23</Data></Cell>
<Cell><Data ss:Type="Number">4</Data></Cell>
<Cell><Data ss:Type="Number">1.500000</Data></Cell>
<Cell><Data ss:Type="Number">6</Data></Cell>
<Cell><Data ss:Type="Number">2370</Data></Cell>
<Cell><Data ss:Type="Number">170</Data></Cell>
<Cell><Data ss:Type="Number">35</Data></Cell>
<Cell><Data ss:Type="Number">119</Data></Cell>
<Cell><Data ss:Type="Number">3.890000</Data></Cell>
<Cell><Data ss:Type="Number">1</Data></Cell>
</Row>
<Row>
<Cell><Data ss:Type="String">Datsun 210</Data></Cell>
<Cell><Data ss:Type="Number">4589</Data></Cell>
<Cell><Data ss:Type="Number">35</Data></Cell>
<Cell><Data ss:Type="Number">5</Data></Cell>
<Cell><Data ss:Type="Number">2.000000</Data></Cell>
<Cell><Data ss:Type="Number">8</Data></Cell>
<Cell><Data ss:Type="Number">2020</Data></Cell>
<Cell><Data ss:Type="Number">165</Data></Cell>
<Cell><Data ss:Type="Number">32</Data></Cell>
<Cell><Data ss:Type="Number">85</Data></Cell>
<Cell><Data ss:Type="Number">3.700000</Data></Cell>
<Cell><Data ss:Type="Number">1</Data></Cell>
</Row>
<Row>
<Cell><Data ss:Type="String">Datsun 510</Data></Cell>
<Cell><Data ss:Type="Number">5079</Data></Cell>
<Cell><Data ss:Type="Number">24</Data></Cell>
<Cell><Data ss:Type="Number">4</Data></Cell>
<Cell><Data ss:Type="Number">2.500000</Data></Cell>
<Cell><Data ss:Type="Number">8</Data></Cell>
<Cell><Data ss:Type="Number">2280</Data></Cell>
<Cell><Data ss:Type="Number">170</Data></Cell>
<Cell><Data ss:Type="Number">34</Data></Cell>
<Cell><Data ss:Type="Number">119</Data></Cell>
<Cell><Data ss:Type="Number">3.540000</Data></Cell>
<Cell><Data ss:Type="Number">1</Data></Cell>
</Row>
<Row>
<Cell><Data ss:Type="String">Datsun 810</Data></Cell>
<Cell><Data ss:Type="Number">8129</Data></Cell>
<Cell><Data ss:Type="Number">21</Data></Cell>
<Cell><Data ss:Type="Number">4</Data></Cell>
<Cell><Data ss:Type="Number">2.500000</Data></Cell>
<Cell><Data ss:Type="Number">8</Data></Cell>
<Cell><Data ss:Type="Number">2750</Data></Cell>
<Cell><Data ss:Type="Number">184</Data></Cell>
<Cell><Data ss:Type="Number">38</Data></Cell>
<Cell><Data ss:Type="Number">146</Data></Cell>
<Cell><Data ss:Type="Number">3.550000</Data></Cell>
<Cell><Data ss:Type="Number">1</Data></Cell>
</Row>
<Row>
<Cell><Data ss:Type="String">Fiat Strada</Data></Cell>
<Cell><Data ss:Type="Number">4296</Data></Cell>
<Cell><Data ss:Type="Number">21</Data></Cell>
<Cell><Data ss:Type="Number">3</Data></Cell>
<Cell><Data ss:Type="Number">2.500000</Data></Cell>
<Cell><Data ss:Type="Number">16</Data></Cell>
<Cell><Data ss:Type="Number">2130</Data></Cell>
<Cell><Data ss:Type="Number">161</Data></Cell>
<Cell><Data ss:Type="Number">36</Data></Cell>
<Cell><Data ss:Type="Number">105</Data></Cell>
<Cell><Data ss:Type="Number">3.370000</Data></Cell>
<Cell><Data ss:Type="Number">1</Data></Cell>
</Row>
<Row>
<Cell><Data ss:Type="String">Honda Accord</Data></Cell>
<Cell><Data ss:Type="Number">5799</Data></Cell>
<Cell><Data ss:Type="Number">25</Data></Cell>
<Cell><Data ss:Type="Number">5</Data></Cell>
<Cell><Data ss:Type="Number">3.000000</Data></Cell>
<Cell><Data ss:Type="Number">10</Data></Cell>
<Cell><Data ss:Type="Number">2240</Data></Cell>
<Cell><Data ss:Type="Number">172</Data></Cell>
<Cell><Data ss:Type="Number">36</Data></Cell>
<Cell><Data ss:Type="Number">107</Data></Cell>
<Cell><Data ss:Type="Number">3.050000</Data></Cell>
<Cell><Data ss:Type="Number">1</Data></Cell>
</Row>
<Row>
<Cell><Data ss:Type="String">Honda Civic</Data></Cell>
<Cell><Data ss:Type="Number">4499</Data></Cell>
<Cell><Data ss:Type="Number">28</Data></Cell>
<Cell><Data ss:Type="Number">4</Data></Cell>
<Cell><Data ss:Type="Number">2.500000</Data></Cell>
<Cell><Data ss:Type="Number">5</Data></Cell>
<Cell><Data ss:Type="Number">1760</Data></Cell>
<Cell><Data ss:Type="Number">149</Data></Cell>
<Cell><Data ss:Type="Number">34</Data></Cell>
<Cell><Data ss:Type="Number">91</Data></Cell>
<Cell><Data ss:Type="Number">3.300000</Data></Cell>
<Cell><Data ss:Type="Number">1</Data></Cell>
</Row>
<Row>
<Cell><Data ss:Type="String">Mazda GLC</Data></Cell>
<Cell><Data ss:Type="Number">3995</Data></Cell>
<Cell><Data ss:Type="Number">30</Data></Cell>
<Cell><Data ss:Type="Number">4</Data></Cell>
<Cell><Data ss:Type="Number">3.500000</Data></Cell>
<Cell><Data ss:Type="Number">11</Data></Cell>
<Cell><Data ss:Type="Number">1980</Data></Cell>
<Cell><Data ss:Type="Number">154</Data></Cell>
<Cell><Data ss:Type="Number">33</Data></Cell>
<Cell><Data ss:Type="Number">86</Data></Cell>
<Cell><Data ss:Type="Number">3.730000</Data></Cell>
<Cell><Data ss:Type="Number">1</Data></Cell>
</Row>
<Row>
<Cell><Data ss:Type="String">Peugeot 604</Data></Cell>
<Cell><Data ss:Type="Number">12990</Data></Cell>
<Cell><Data ss:Type="Number">14</Data></Cell>
<Cell></Cell>
<Cell><Data ss:Type="Number">3.500000</Data></Cell>
<Cell><Data ss:Type="Number">14</Data></Cell>
<Cell><Data ss:Type="Number">3420</Data></Cell>
<Cell><Data ss:Type="Number">192</Data></Cell>
<Cell><Data ss:Type="Number">38</Data></Cell>
<Cell><Data ss:Type="Number">163</Data></Cell>
<Cell><Data ss:Type="Number">3.580000</Data></Cell>
<Cell><Data ss:Type="Number">1</Data></Cell>
</Row>
<Row>
<Cell><Data ss:Type="String">Renault Le Car</Data></Cell>
<Cell><Data ss:Type="Number">3895</Data></Cell>
<Cell><Data ss:Type="Number">26</Data></Cell>
<Cell><Data ss:Type="Number">3</Data></Cell>
<Cell><Data ss:Type="Number">3.000000</Data></Cell>
<Cell><Data ss:Type="Number">10</Data></Cell>
<Cell><Data ss:Type="Number">1830</Data></Cell>
<Cell><Data ss:Type="Number">142</Data></Cell>
<Cell><Data ss:Type="Number">34</Data></Cell>
<Cell><Data ss:Type="Number">79</Data></Cell>
<Cell><Data ss:Type="Number">3.720000</Data></Cell>
<Cell><Data ss:Type="Number">1</Data></Cell>
</Row>
<Row>
<Cell><Data ss:Type="String">Subaru</Data></Cell>
<Cell><Data ss:Type="Number">3798</Data></Cell>
<Cell><Data ss:Type="Number">35</Data></Cell>
<Cell><Data ss:Type="Number">5</Data></Cell>
<Cell><Data ss:Type="Number">2.500000</Data></Cell>
<Cell><Data ss:Type="Number">11</Data></Cell>
<Cell><Data ss:Type="Number">2050</Data></Cell>
<Cell><Data ss:Type="Number">164</Data></Cell>
<Cell><Data ss:Type="Number">36</Data></Cell>
<Cell><Data ss:Type="Number">97</Data></Cell>
<Cell><Data ss:Type="Number">3.810000</Data></Cell>
<Cell><Data ss:Type="Number">1</Data></Cell>
</Row>
<Row>
<Cell><Data ss:Type="String">Toyota Celica</Data></Cell>
<Cell><Data ss:Type="Number">5899</Data></Cell>
<Cell><Data ss:Type="Number">18</Data></Cell>
<Cell><Data ss:Type="Number">5</Data></Cell>
<Cell><Data ss:Type="Number">2.500000</Data></Cell>
<Cell><Data ss:Type="Number">14</Data></Cell>
<Cell><Data ss:Type="Number">2410</Data></Cell>
<Cell><Data ss:Type="Number">174</Data></Cell>
<Cell><Data ss:Type="Number">36</Data></Cell>
<Cell><Data ss:Type="Number">134</Data></Cell>
<Cell><Data ss:Type="Number">3.060000</Data></Cell>
<Cell><Data ss:Type="Number">1</Data></Cell>
</Row>
<Row>
<Cell><Data ss:Type="String">Toyota Corolla</Data></Cell>
<Cell><Data ss:Type="Number">3748</Data></Cell>
<Cell><Data ss:Type="Number">31</Data></Cell>
<Cell><Data ss:Type="Number">5</Data></Cell>
<Cell><Data ss:Type="Number">3.000000</Data></Cell>
<Cell><Data ss:Type="Number">9</Data></Cell>
<Cell><Data ss:Type="Number">2200</Data></Cell>
<Cell><Data ss:Type="Number">165</Data></Cell>
<Cell><Data ss:Type="Number">35</Data></Cell>
<Cell><Data ss:Type="Number">97</Data></Cell>
<Cell><Data ss:Type="Number">3.210000</Data></Cell>
<Cell><Data ss:Type="Number">1</Data></Cell>
</Row>
<Row>
<Cell><Data ss:Type="String">Toyota Corona</Data></Cell>
<Cell><Data ss:Type="Number">5719</Data></Cell>
<Cell><Data ss:Type="Number">18</Data></Cell>
<Cell><Data ss:Type="Number">5</Data></Cell>
<Cell><Data ss:Type="Number">2.000000</Data></Cell>
<Cell><Data ss:Type="Number">11</Data></Cell>
<Cell><Data ss:Type="Number">2670</Data></Cell>
<Cell><Data ss:Type="Number">175</Data></Cell>
<Cell><Data ss:Type="Number">36</Data></Cell>
<Cell><Data ss:Type="Number">134</Data></Cell>
<Cell><Data ss:Type="Number">3.050000</Data></Cell>
<Cell><Data ss:Type="Number">1</Data></Cell>
</Row>
<Row>
<Cell><Data ss:Type="String">VW Dasher</Data></Cell>
<Cell><Data ss:Type="Number">7140</Data></Cell>
<Cell><Data ss:Type="Number">23</Data></Cell>
<Cell><Data ss:Type="Number">4</Data></Cell>
<Cell><Data ss:Type="Number">2.500000</Data></Cell>
<Cell><Data ss:Type="Number">12</Data></Cell>
<Cell><Data ss:Type="Number">2160</Data></Cell>
<Cell><Data ss:Type="Number">172</Data></Cell>
<Cell><Data ss:Type="Number">36</Data></Cell>
<Cell><Data ss:Type="Number">97</Data></Cell>
<Cell><Data ss:Type="Number">3.740000</Data></Cell>
<Cell><Data ss:Type="Number">1</Data></Cell>
</Row>
<Row>
<Cell><Data ss:Type="String">VW Diesel</Data></Cell>
<Cell><Data ss:Type="Number">5397</Data></Cell>
<Cell><Data ss:Type="Number">41</Data></Cell>
<Cell><Data ss:Type="Number">5</Data></Cell>
<Cell><Data ss:Type="Number">3.000000</Data></Cell>
<Cell><Data ss:Type="Number">15</Data></Cell>
<Cell><Data ss:Type="Number">2040</Data></Cell>
<Cell><Data ss:Type="Number">155</Data></Cell>
<Cell><Data ss:Type="Number">35</Data></Cell>
<Cell><Data ss:Type="Number">90</Data></Cell>
<Cell><Data ss:Type="Number">3.780000</Data></Cell>
<Cell><Data ss:Type="Number">1</Data></Cell>
</Row>
<Row>
<Cell><Data ss:Type="String">VW Rabbit</Data></Cell>
<Cell><Data ss:Type="Number">4697</Data></Cell>
<Cell><Data ss:Type="Number">25</Data></Cell>
<Cell><Data ss:Type="Number">4</Data></Cell>
<Cell><Data ss:Type="Number">3.000000</Data></Cell>
<Cell><Data ss:Type="Number">15</Data></Cell>
<Cell><Data ss:Type="Number">1930</Data></Cell>
<Cell><Data ss:Type="Number">155</Data></Cell>
<Cell><Data ss:Type="Number">35</Data></Cell>
<Cell><Data ss:Type="Number">89</Data></Cell>
<Cell><Data ss:Type="Number">3.780000</Data></Cell>
<Cell><Data ss:Type="Number">1</Data></Cell>
</Row>
<Row>
<Cell><Data ss:Type="String">VW Scirocco</Data></Cell>
<Cell><Data ss:Type="Number">6850</Data></Cell>
<Cell><Data ss:Type="Number">25</Data></Cell>
<Cell><Data ss:Type="Number">4</Data></Cell>
<Cell><Data ss:Type="Number">2.000000</Data></Cell>
<Cell><Data ss:Type="Number">16</Data></Cell>
<Cell><Data ss:Type="Number">1990</Data></Cell>
<Cell><Data ss:Type="Number">156</Data></Cell>
<Cell><Data ss:Type="Number">36</Data></Cell>
<Cell><Data ss:Type="Number">97</Data></Cell>
<Cell><Data ss:Type="Number">3.780000</Data></Cell>
<Cell><Data ss:Type="Number">1</Data></Cell>
</Row>
<Row>
<Cell><Data ss:Type="String">Volvo 260</Data></Cell>
<Cell><Data ss:Type="Number">11995</Data></Cell>
<Cell><Data ss:Type="Number">17</Data></Cell>
<Cell><Data ss:Type="Number">5</Data></Cell>
<Cell><Data ss:Type="Number">2.500000</Data></Cell>
<Cell><Data ss:Type="Number">14</Data></Cell>
<Cell><Data ss:Type="Number">3170</Data></Cell>
<Cell><Data ss:Type="Number">193</Data></Cell>
<Cell><Data ss:Type="Number">37</Data></Cell>
<Cell><Data ss:Type="Number">163</Data></Cell>
<Cell><Data ss:Type="Number">2.980000</Data></Cell>
<Cell><Data ss:Type="Number">1</Data></Cell>
</Row>
</Table>
<WorksheetOptions xmlns="urn:schemas-microsoft-com:office:excel">
<ProtectedObjects>False</ProtectedObjects>
<ProtectedScenarios>False</ProtectedScenarios>
</WorksheetOptions>
</Worksheet>
</Workbook>
