<?xml version="1.0" encoding="US-ASCII" standalone="yes"?>
<?mso-application progid="Excel.Sheet"?>
<Workbook xmlns="urn:schemas-microsoft-com:office:spreadsheet"
 xmlns:o="urn:schemas-microsoft-com:office:office"
 xmlns:x="urn:schemas-microsoft-com:office:excel"
 xmlns:ss="urn:schemas-microsoft-com:office:spreadsheet"
 xmlns:html="http://www.w3.org/TR/REC-html40">
<DocumentProperties xmlns="urn:schemas-microsoft-com:office:office">
<Author></Author>
<LastAuthor></LastAuthor>
<Created></Created>
<LastSaved></LastSaved>
<Company></Company>
<Version></Version>
</DocumentProperties>
<ExcelWorkbook  xmlns="urn:schemas-microsoft-com:office:excel">
<ProtectStructure>False</ProtectStructure>
<ProtectWindows>False</ProtectWindows>
</ExcelWorkbook>
<Styles>
<Style ss:ID="s1">
<Alignment ss:Horizontal="Center" ss:Vertical="Bottom"/>
<Font ss:Bold="1"/>
<NumberFormat/>
</Style>
</Styles>
<Names>
</Names>
<Worksheet ss:Name="Sheet1">
<Table ss:ExpandedColumnCount="7" ss:ExpandedRowCount="7"
 x:FullColumns="1" x:FullRows="1">
<Row>
<Cell ss:StyleID="s1"><Data ss:Type="String">var</Data></Cell>
<Cell ss:StyleID="s1"><Data ss:Type="String">category</Data></Cell>
<Cell ss:StyleID="s1"><Data ss:Type="String">mean</Data></Cell>
<Cell ss:StyleID="s1"><Data ss:Type="String">sd</Data></Cell>
<Cell ss:StyleID="s1"><Data ss:Type="String">min</Data></Cell>
<Cell ss:StyleID="s1"><Data ss:Type="String">max</Data></Cell>
<Cell ss:StyleID="s1"><Data ss:Type="String">obs</Data></Cell>
</Row>
<Row>
<Cell><Data ss:Type="String">education</Data></Cell>
<Cell><Data ss:Type="String">overall</Data></Cell>
<Cell><Data ss:Type="Number">4.736750</Data></Cell>
<Cell><Data ss:Type="Number">2.898113</Data></Cell>
<Cell><Data ss:Type="Number">0.040000</Data></Cell>
<Cell><Data ss:Type="Number">12.250000</Data></Cell>
<Cell><Data ss:Type="Number">880.000000</Data></Cell>
</Row>
<Row>
<Cell><Data ss:Type="String">education</Data></Cell>
<Cell><Data ss:Type="String">between</Data></Cell>
<Cell></Cell>
<Cell><Data ss:Type="Number">2.767272</Data></Cell>
<Cell><Data ss:Type="Number">0.408889</Data></Cell>
<Cell><Data ss:Type="Number">10.862223</Data></Cell>
<Cell><Data ss:Type="Number">111.000000</Data></Cell>
</Row>
<Row>
<Cell><Data ss:Type="String">education</Data></Cell>
<Cell><Data ss:Type="String">within</Data></Cell>
<Cell></Cell>
<Cell><Data ss:Type="Number">1.129183</Data></Cell>
<Cell><Data ss:Type="Number">2.080083</Data></Cell>
<Cell><Data ss:Type="Number">8.290083</Data></Cell>
<Cell><Data ss:Type="Number">7.927928</Data></Cell>
</Row>
<Row>
<Cell><Data ss:Type="String">ki</Data></Cell>
<Cell><Data ss:Type="String">overall</Data></Cell>
<Cell><Data ss:Type="Number">23.160698</Data></Cell>
<Cell><Data ss:Type="Number">11.737931</Data></Cell>
<Cell><Data ss:Type="Number">1.446131</Data></Cell>
<Cell><Data ss:Type="Number">111.290504</Data></Cell>
<Cell><Data ss:Type="Number">856.000000</Data></Cell>
</Row>
<Row>
<Cell><Data ss:Type="String">ki</Data></Cell>
<Cell><Data ss:Type="String">between</Data></Cell>
<Cell></Cell>
<Cell><Data ss:Type="Number">9.350288</Data></Cell>
<Cell><Data ss:Type="Number">1.801206</Data></Cell>
<Cell><Data ss:Type="Number">51.852306</Data></Cell>
<Cell><Data ss:Type="Number">109.000000</Data></Cell>
</Row>
<Row>
<Cell><Data ss:Type="String">ki</Data></Cell>
<Cell><Data ss:Type="String">within</Data></Cell>
<Cell></Cell>
<Cell><Data ss:Type="Number">7.200400</Data></Cell>
<Cell><Data ss:Type="Number">-5.546581</Data></Cell>
<Cell><Data ss:Type="Number">86.151108</Data></Cell>
<Cell><Data ss:Type="Number">7.853211</Data></Cell>
</Row>
</Table>
<WorksheetOptions xmlns="urn:schemas-microsoft-com:office:excel">
<ProtectedObjects>False</ProtectedObjects>
<ProtectedScenarios>False</ProtectedScenarios>
</WorksheetOptions>
</Worksheet>
</Workbook>
