<?xml version="1.0" encoding="US-ASCII" standalone="yes"?><?mso-application progid="Excel.Sheet"?><Workbook xmlns="urn:schemas-microsoft-com:office:spreadsheet" xmlns:o="urn:schemas-microsoft-com:office:office" xmlns:x="urn:schemas-microsoft-com:office:excel" xmlns:ss="urn:schemas-microsoft-com:office:spreadsheet" xmlns:html="http://www.w3.org/TR/REC-html40"><DocumentProperties xmlns="urn:schemas-microsoft-com:office:office"><Author></Author><LastAuthor></LastAuthor><Created></Created><LastSaved></LastSaved><Company></Company><Version></Version></DocumentProperties><ExcelWorkbook  xmlns="urn:schemas-microsoft-com:office:excel"><ProtectStructure>False</ProtectStructure><ProtectWindows>False</ProtectWindows></ExcelWorkbook><Styles><Style ss:ID="Default" ss:Name="Normal"><Alignment ss:Vertical="Bottom"/><Borders/><Font/><Interior/><NumberFormat/><Protection/></Style><Style ss:ID="s1"><Font ss:Bold="1" ss:Size='12'/><NumberFormat/></Style><Style ss:ID="s21"><Alignment ss:Horizontal="Center" ss:Vertical="Bottom"/><NumberFormat/><Borders><Border ss:Position="Top" ss:LineStyle="Continuous" ss:Weight="1"/></Borders></Style><Style ss:ID="s22"><Alignment ss:Horizontal="Center" ss:Vertical="Bottom"/><NumberFormat/></Style><Style ss:ID="s23"><Alignment ss:Horizontal="Center" ss:Vertical="Bottom"/><NumberFormat/><Borders><Border ss:Position="Bottom" ss:LineStyle="Continuous" ss:Weight="1"/></Borders></Style><Style ss:ID="s24"><NumberFormat/></Style><Style ss:ID="s31"><Borders><Border ss:Position="Top" ss:LineStyle="Continuous" ss:Weight="1"/></Borders></Style><Style ss:ID="s32"><Borders/></Style><Style ss:ID="s33"><Borders><Border ss:Position="Bottom" ss:LineStyle="Continuous" ss:Weight="1"/></Borders></Style></Styles><Names></Names><Worksheet ss:Name="Sheet1"><Table ss:ExpandedColumnCount="2" ss:ExpandedRowCount="11" x:FullColumns="1" x:FullRows="1"><Row></Row><Row><Cell ss:StyleID="s31"><Data ss:Type="String">educat~n</Data></Cell><Cell ss:StyleID="s21"><Data ss:Type="String"></Data></Cell></Row><Row><Cell ss:StyleID="s31"><Data ss:Type="String">10</Data></Cell><Cell ss:StyleID="s21"><Data ss:Type="String">0.970</Data></Cell></Row><Row><Cell ss:StyleID="s32"><Data ss:Type="String">11</Data></Cell><Cell ss:StyleID="s22"><Data ss:Type="String">0.650</Data></Cell></Row><Row><Cell ss:StyleID="s32"><Data ss:Type="String">12</Data></Cell><Cell ss:StyleID="s22"><Data ss:Type="String">0.820</Data></Cell></Row><Row><Cell ss:StyleID="s32"><Data ss:Type="String">13</Data></Cell><Cell ss:StyleID="s22"><Data ss:Type="String">1.080</Data></Cell></Row><Row><Cell ss:StyleID="s32"><Data ss:Type="String">14</Data></Cell><Cell ss:StyleID="s22"><Data ss:Type="String">1.550</Data></Cell></Row><Row><Cell ss:StyleID="s32"><Data ss:Type="String">15</Data></Cell><Cell ss:StyleID="s22"><Data ss:Type="String">2.140</Data></Cell></Row><Row><Cell ss:StyleID="s32"><Data ss:Type="String">16</Data></Cell><Cell ss:StyleID="s22"><Data ss:Type="String">3.010</Data></Cell></Row><Row><Cell ss:StyleID="s32"><Data ss:Type="String">17</Data></Cell><Cell ss:StyleID="s22"><Data ss:Type="String">3.910</Data></Cell></Row><Row><Cell ss:StyleID="s33"><Data ss:Type="String">18</Data></Cell><Cell ss:StyleID="s23"><Data ss:Type="String">4.720</Data></Cell></Row></Table><WorksheetOptions xmlns="urn:schemas-microsoft-com:office:excel"><ProtectedObjects>False</ProtectedObjects><ProtectedScenarios>False</ProtectedScenarios></WorksheetOptions></Worksheet></Workbook>