<?xml version="1.0" encoding="US-ASCII" standalone="yes"?><?mso-application progid="Excel.Sheet"?><Workbook xmlns="urn:schemas-microsoft-com:office:spreadsheet" xmlns:o="urn:schemas-microsoft-com:office:office" xmlns:x="urn:schemas-microsoft-com:office:excel" xmlns:ss="urn:schemas-microsoft-com:office:spreadsheet" xmlns:html="http://www.w3.org/TR/REC-html40"><DocumentProperties xmlns="urn:schemas-microsoft-com:office:office"><Author></Author><LastAuthor></LastAuthor><Created></Created><LastSaved></LastSaved><Company></Company><Version></Version></DocumentProperties><ExcelWorkbook  xmlns="urn:schemas-microsoft-com:office:excel"><ProtectStructure>False</ProtectStructure><ProtectWindows>False</ProtectWindows></ExcelWorkbook><Styles><Style ss:ID="Default" ss:Name="Normal"><Alignment ss:Vertical="Bottom"/><Borders/><Font ss:FontName="Calibri" ss:Size="10"/><Interior/><NumberFormat/><Protection/></Style><Style ss:ID="s1"><Font ss:FontName="Calibri" ss:Bold="1" ss:Size="12"/><NumberFormat/></Style><Style ss:ID="s21"><Alignment ss:Horizontal="Center" ss:Vertical="Bottom"/><NumberFormat/><Font ss:FontName="Calibri" ss:Size="10"/><Borders><Border ss:Position="Top" ss:LineStyle="Continuous" ss:Weight="1"/></Borders></Style><Style ss:ID="s22"><Alignment ss:Horizontal="Center" ss:Vertical="Bottom"/><Font ss:FontName="Calibri" ss:Size="10"/><NumberFormat/></Style><Style ss:ID="s23"><Alignment ss:Horizontal="Center" ss:Vertical="Bottom"/><NumberFormat/><Font ss:FontName="Calibri" ss:Size="10"/><Borders><Border ss:Position="Bottom" ss:LineStyle="Continuous" ss:Weight="1"/></Borders></Style><Style ss:ID="s24"><Font ss:FontName="Calibri" ss:Size="10"/><NumberFormat/></Style><Style ss:ID="s31"><Font ss:FontName="Calibri" ss:Size="10"/><Borders><Border ss:Position="Top" ss:LineStyle="Continuous" ss:Weight="1"/></Borders></Style><Style ss:ID="s32"><Font ss:FontName="Calibri" ss:Size="10"/><Borders/></Style><Style ss:ID="s33"><Font ss:FontName="Calibri" ss:Size="10"/><Borders><Border ss:Position="Bottom" ss:LineStyle="Continuous" ss:Weight="1"/></Borders></Style></Styles><Names></Names><Worksheet ss:Name="Sheet1"><Table ss:ExpandedColumnCount="7" ss:ExpandedRowCount="19" x:FullColumns="1" x:FullRows="1"><Column ss:AutoFitWidth="0" ss:Width="72"/><Column ss:AutoFitWidth="0" ss:Width="58"/><Column ss:AutoFitWidth="0" ss:Width="58"/><Column ss:AutoFitWidth="0" ss:Width="58"/><Column ss:AutoFitWidth="0" ss:Width="58"/><Column ss:AutoFitWidth="0" ss:Width="58"/><Column ss:AutoFitWidth="0" ss:Width="58"/><Row></Row><Row><Cell ss:StyleID="s31"><Data ss:Type="String"></Data></Cell><Cell ss:StyleID="s21"><Data ss:Type="String">(1)</Data></Cell><Cell ss:StyleID="s21"><Data ss:Type="String">(2)</Data></Cell><Cell ss:StyleID="s21"><Data ss:Type="String">(3)</Data></Cell><Cell ss:StyleID="s21"><Data ss:Type="String">(4)</Data></Cell><Cell ss:StyleID="s21"><Data ss:Type="String">(5)</Data></Cell><Cell ss:StyleID="s21"><Data ss:Type="String">(6)</Data></Cell></Row><Row><Cell ss:StyleID="s32"><Data ss:Type="String"></Data></Cell><Cell ss:StyleID="s22"><Data ss:Type="String">OLS</Data></Cell><Cell ss:StyleID="s22"><Data ss:Type="String">LSDV</Data></Cell><Cell ss:StyleID="s22"><Data ss:Type="String">FE</Data></Cell><Cell ss:StyleID="s22"><Data ss:Type="String">BE</Data></Cell><Cell ss:StyleID="s22"><Data ss:Type="String">FE_time</Data></Cell><Cell ss:StyleID="s22"><Data ss:Type="String">RE</Data></Cell></Row><Row><Cell ss:StyleID="s32"><Data ss:Type="String">VARIABLES</Data></Cell><Cell ss:StyleID="s22"><Data ss:Type="String">lncost</Data></Cell><Cell ss:StyleID="s22"><Data ss:Type="String">lncost</Data></Cell><Cell ss:StyleID="s22"><Data ss:Type="String">lncost</Data></Cell><Cell ss:StyleID="s22"><Data ss:Type="String">lncost</Data></Cell><Cell ss:StyleID="s22"><Data ss:Type="String">lncost</Data></Cell><Cell ss:StyleID="s22"><Data ss:Type="String">lncost</Data></Cell></Row><Row><Cell ss:StyleID="s31"><Data ss:Type="String"></Data></Cell><Cell ss:StyleID="s21"><Data ss:Type="String"></Data></Cell><Cell ss:StyleID="s21"><Data ss:Type="String"></Data></Cell><Cell ss:StyleID="s21"><Data ss:Type="String"></Data></Cell><Cell ss:StyleID="s21"><Data ss:Type="String"></Data></Cell><Cell ss:StyleID="s21"><Data ss:Type="String"></Data></Cell><Cell ss:StyleID="s21"><Data ss:Type="String"></Data></Cell></Row><Row><Cell ss:StyleID="s32"><Data ss:Type="String">Output</Data></Cell><Cell ss:StyleID="s22"><Data ss:Type="String">0.883***</Data></Cell><Cell ss:StyleID="s22"><Data ss:Type="String">0.919***</Data></Cell><Cell ss:StyleID="s22"><Data ss:Type="String">0.919***</Data></Cell><Cell ss:StyleID="s22"><Data ss:Type="String">0.782*</Data></Cell><Cell ss:StyleID="s22"><Data ss:Type="String">0.817***</Data></Cell><Cell ss:StyleID="s22"><Data ss:Type="String">0.907***</Data></Cell></Row><Row><Cell ss:StyleID="s32"><Data ss:Type="String"></Data></Cell><Cell ss:StyleID="s22"><Data ss:Type="String">(0.013)</Data></Cell><Cell ss:StyleID="s22"><Data ss:Type="String">(0.030)</Data></Cell><Cell ss:StyleID="s22"><Data ss:Type="String">(0.030)</Data></Cell><Cell ss:StyleID="s22"><Data ss:Type="String">(0.109)</Data></Cell><Cell ss:StyleID="s22"><Data ss:Type="String">(0.032)</Data></Cell><Cell ss:StyleID="s22"><Data ss:Type="String">(0.026)</Data></Cell></Row><Row><Cell ss:StyleID="s32"><Data ss:Type="String">Fuel Price</Data></Cell><Cell ss:StyleID="s22"><Data ss:Type="String">0.454***</Data></Cell><Cell ss:StyleID="s22"><Data ss:Type="String">0.417***</Data></Cell><Cell ss:StyleID="s22"><Data ss:Type="String">0.417***</Data></Cell><Cell ss:StyleID="s22"><Data ss:Type="String">-5.524</Data></Cell><Cell ss:StyleID="s22"><Data ss:Type="String">0.169</Data></Cell><Cell ss:StyleID="s22"><Data ss:Type="String">0.423***</Data></Cell></Row><Row><Cell ss:StyleID="s32"><Data ss:Type="String"></Data></Cell><Cell ss:StyleID="s22"><Data ss:Type="String">(0.020)</Data></Cell><Cell ss:StyleID="s22"><Data ss:Type="String">(0.015)</Data></Cell><Cell ss:StyleID="s22"><Data ss:Type="String">(0.015)</Data></Cell><Cell ss:StyleID="s22"><Data ss:Type="String">(4.479)</Data></Cell><Cell ss:StyleID="s22"><Data ss:Type="String">(0.163)</Data></Cell><Cell ss:StyleID="s22"><Data ss:Type="String">(0.014)</Data></Cell></Row><Row><Cell ss:StyleID="s32"><Data ss:Type="String">Load Factor</Data></Cell><Cell ss:StyleID="s22"><Data ss:Type="String">-1.628***</Data></Cell><Cell ss:StyleID="s22"><Data ss:Type="String">-1.070***</Data></Cell><Cell ss:StyleID="s22"><Data ss:Type="String">-1.070***</Data></Cell><Cell ss:StyleID="s22"><Data ss:Type="String">-1.751</Data></Cell><Cell ss:StyleID="s22"><Data ss:Type="String">-0.883**</Data></Cell><Cell ss:StyleID="s22"><Data ss:Type="String">-1.064***</Data></Cell></Row><Row><Cell ss:StyleID="s32"><Data ss:Type="String"></Data></Cell><Cell ss:StyleID="s22"><Data ss:Type="String">(0.345)</Data></Cell><Cell ss:StyleID="s22"><Data ss:Type="String">(0.202)</Data></Cell><Cell ss:StyleID="s22"><Data ss:Type="String">(0.202)</Data></Cell><Cell ss:StyleID="s22"><Data ss:Type="String">(2.743)</Data></Cell><Cell ss:StyleID="s22"><Data ss:Type="String">(0.262)</Data></Cell><Cell ss:StyleID="s22"><Data ss:Type="String">(0.200)</Data></Cell></Row><Row><Cell ss:StyleID="s32"><Data ss:Type="String"></Data></Cell><Cell ss:StyleID="s22"><Data ss:Type="String"></Data></Cell><Cell ss:StyleID="s22"><Data ss:Type="String"></Data></Cell><Cell ss:StyleID="s22"><Data ss:Type="String"></Data></Cell><Cell ss:StyleID="s22"><Data ss:Type="String"></Data></Cell><Cell ss:StyleID="s22"><Data ss:Type="String"></Data></Cell><Cell ss:StyleID="s22"><Data ss:Type="String"></Data></Cell></Row><Row><Cell ss:StyleID="s32"><Data ss:Type="String">Observations</Data></Cell><Cell ss:StyleID="s22"><Data ss:Type="String">90</Data></Cell><Cell ss:StyleID="s22"><Data ss:Type="String">90</Data></Cell><Cell ss:StyleID="s22"><Data ss:Type="String">90</Data></Cell><Cell ss:StyleID="s22"><Data ss:Type="String">90</Data></Cell><Cell ss:StyleID="s22"><Data ss:Type="String">90</Data></Cell><Cell ss:StyleID="s22"><Data ss:Type="String">90</Data></Cell></Row><Row><Cell ss:StyleID="s32"><Data ss:Type="String">R-squared</Data></Cell><Cell ss:StyleID="s22"><Data ss:Type="String">0.988</Data></Cell><Cell ss:StyleID="s22"><Data ss:Type="String">0.997</Data></Cell><Cell ss:StyleID="s22"><Data ss:Type="String">0.993</Data></Cell><Cell ss:StyleID="s22"><Data ss:Type="String">0.994</Data></Cell><Cell ss:StyleID="s22"><Data ss:Type="String">0.996</Data></Cell><Cell ss:StyleID="s22"><Data ss:Type="String"></Data></Cell></Row><Row><Cell ss:StyleID="s33"><Data ss:Type="String">Number of i</Data></Cell><Cell ss:StyleID="s23"><Data ss:Type="String"></Data></Cell><Cell ss:StyleID="s23"><Data ss:Type="String"></Data></Cell><Cell ss:StyleID="s23"><Data ss:Type="String">6</Data></Cell><Cell ss:StyleID="s23"><Data ss:Type="String">6</Data></Cell><Cell ss:StyleID="s23"><Data ss:Type="String">6</Data></Cell><Cell ss:StyleID="s23"><Data ss:Type="String">6</Data></Cell></Row><Row><Cell ss:StyleID="s24"><Data ss:Type="String">Standard errors in parentheses</Data></Cell></Row><Row><Cell ss:StyleID="s24"><Data ss:Type="String">*** p&lt;0.001, ** p&lt;0.01, * p&lt;0.05</Data></Cell></Row><Row><Cell ss:StyleID="s24"><Data ss:Type="String">Source: Own computations; Greene</Data></Cell></Row><Row><Cell ss:StyleID="s24"><Data ss:Type="String">2008</Data></Cell></Row></Table><WorksheetOptions xmlns="urn:schemas-microsoft-com:office:excel"><ProtectedObjects>False</ProtectedObjects><ProtectedScenarios>False</ProtectedScenarios></WorksheetOptions></Worksheet></Workbook>