<?xml version="1.0" encoding="US-ASCII" standalone="yes"?><?mso-application progid="Excel.Sheet"?><Workbook xmlns="urn:schemas-microsoft-com:office:spreadsheet" xmlns:o="urn:schemas-microsoft-com:office:office" xmlns:x="urn:schemas-microsoft-com:office:excel" xmlns:ss="urn:schemas-microsoft-com:office:spreadsheet" xmlns:html="http://www.w3.org/TR/REC-html40"><DocumentProperties xmlns="urn:schemas-microsoft-com:office:office"><Author></Author><LastAuthor></LastAuthor><Created></Created><LastSaved></LastSaved><Company></Company><Version></Version></DocumentProperties><ExcelWorkbook  xmlns="urn:schemas-microsoft-com:office:excel"><ProtectStructure>False</ProtectStructure><ProtectWindows>False</ProtectWindows></ExcelWorkbook><Styles><Style ss:ID="Default" ss:Name="Normal"><Alignment ss:Vertical="Bottom"/><Borders/><Font/><Interior/><NumberFormat/><Protection/></Style><Style ss:ID="s1"><Font ss:Bold="1" ss:Size='12'/><NumberFormat/></Style><Style ss:ID="s21"><Alignment ss:Horizontal="Center" ss:Vertical="Bottom"/><NumberFormat/><Borders><Border ss:Position="Top" ss:LineStyle="Continuous" ss:Weight="1"/></Borders></Style><Style ss:ID="s22"><Alignment ss:Horizontal="Center" ss:Vertical="Bottom"/><NumberFormat/></Style><Style ss:ID="s23"><Alignment ss:Horizontal="Center" ss:Vertical="Bottom"/><NumberFormat/><Borders><Border ss:Position="Bottom" ss:LineStyle="Continuous" ss:Weight="1"/></Borders></Style><Style ss:ID="s24"><NumberFormat/></Style><Style ss:ID="s31"><Borders><Border ss:Position="Top" ss:LineStyle="Continuous" ss:Weight="1"/></Borders></Style><Style ss:ID="s32"><Borders/></Style><Style ss:ID="s33"><Borders><Border ss:Position="Bottom" ss:LineStyle="Continuous" ss:Weight="1"/></Borders></Style></Styles><Names></Names><Worksheet ss:Name="Sheet1"><Table ss:ExpandedColumnCount="4" ss:ExpandedRowCount="15" x:FullColumns="1" x:FullRows="1"><Row></Row><Row><Cell ss:StyleID="s31"><Data ss:Type="String">Means</Data></Cell><Cell ss:StyleID="s21"><Data ss:Type="String">of</Data></Cell><Cell ss:StyleID="s21"><Data ss:Type="String">education</Data></Cell><Cell ss:StyleID="s21"><Data ss:Type="String"></Data></Cell></Row><Row><Cell ss:StyleID="s31"><Data ss:Type="String"></Data></Cell><Cell ss:StyleID="s21"><Data ss:Type="String"></Data></Cell><Cell ss:StyleID="s21"><Data ss:Type="String"></Data></Cell><Cell ss:StyleID="s21"><Data ss:Type="String"></Data></Cell></Row><Row><Cell ss:StyleID="s32"><Data ss:Type="String">Year of ob</Data></Cell><Cell ss:StyleID="s22"><Data ss:Type="String">high open</Data></Cell><Cell ss:StyleID="s22"><Data ss:Type="String"></Data></Cell><Cell ss:StyleID="s22"><Data ss:Type="String"></Data></Cell></Row><Row><Cell ss:StyleID="s32"><Data ss:Type="String">servation</Data></Cell><Cell ss:StyleID="s22"><Data ss:Type="String">0</Data></Cell><Cell ss:StyleID="s22"><Data ss:Type="String">1</Data></Cell><Cell ss:StyleID="s22"><Data ss:Type="String">Total</Data></Cell></Row><Row><Cell ss:StyleID="s32"><Data ss:Type="String">1960</Data></Cell><Cell ss:StyleID="s22"><Data ss:Type="String">3.794</Data></Cell><Cell ss:StyleID="s22"><Data ss:Type="String">2.759</Data></Cell><Cell ss:StyleID="s22"><Data ss:Type="String">3.464</Data></Cell></Row><Row><Cell ss:StyleID="s32"><Data ss:Type="String">1965</Data></Cell><Cell ss:StyleID="s22"><Data ss:Type="String">3.859</Data></Cell><Cell ss:StyleID="s22"><Data ss:Type="String">2.789</Data></Cell><Cell ss:StyleID="s22"><Data ss:Type="String">3.502</Data></Cell></Row><Row><Cell ss:StyleID="s32"><Data ss:Type="String">1970</Data></Cell><Cell ss:StyleID="s22"><Data ss:Type="String">4.116</Data></Cell><Cell ss:StyleID="s22"><Data ss:Type="String">3.228</Data></Cell><Cell ss:StyleID="s22"><Data ss:Type="String">3.850</Data></Cell></Row><Row><Cell ss:StyleID="s32"><Data ss:Type="String">1975</Data></Cell><Cell ss:StyleID="s22"><Data ss:Type="String">4.504</Data></Cell><Cell ss:StyleID="s22"><Data ss:Type="String">3.215</Data></Cell><Cell ss:StyleID="s22"><Data ss:Type="String">4.083</Data></Cell></Row><Row><Cell ss:StyleID="s32"><Data ss:Type="String">1980</Data></Cell><Cell ss:StyleID="s22"><Data ss:Type="String">4.939</Data></Cell><Cell ss:StyleID="s22"><Data ss:Type="String">4.085</Data></Cell><Cell ss:StyleID="s22"><Data ss:Type="String">4.669</Data></Cell></Row><Row><Cell ss:StyleID="s32"><Data ss:Type="String">1985</Data></Cell><Cell ss:StyleID="s22"><Data ss:Type="String">5.207</Data></Cell><Cell ss:StyleID="s22"><Data ss:Type="String">4.514</Data></Cell><Cell ss:StyleID="s22"><Data ss:Type="String">4.981</Data></Cell></Row><Row><Cell ss:StyleID="s32"><Data ss:Type="String">1990</Data></Cell><Cell ss:StyleID="s22"><Data ss:Type="String">5.445</Data></Cell><Cell ss:StyleID="s22"><Data ss:Type="String">5.927</Data></Cell><Cell ss:StyleID="s22"><Data ss:Type="String">5.647</Data></Cell></Row><Row><Cell ss:StyleID="s32"><Data ss:Type="String">1995</Data></Cell><Cell ss:StyleID="s22"><Data ss:Type="String">5.455</Data></Cell><Cell ss:StyleID="s22"><Data ss:Type="String">6.549</Data></Cell><Cell ss:StyleID="s22"><Data ss:Type="String">5.942</Data></Cell></Row><Row><Cell ss:StyleID="s32"><Data ss:Type="String">2000</Data></Cell><Cell ss:StyleID="s22"><Data ss:Type="String">5.490</Data></Cell><Cell ss:StyleID="s22"><Data ss:Type="String">7.031</Data></Cell><Cell ss:StyleID="s22"><Data ss:Type="String">6.292</Data></Cell></Row><Row><Cell ss:StyleID="s33"><Data ss:Type="String">Total</Data></Cell><Cell ss:StyleID="s23"><Data ss:Type="String">4.719</Data></Cell><Cell ss:StyleID="s23"><Data ss:Type="String">4.766</Data></Cell><Cell ss:StyleID="s23"><Data ss:Type="String">4.737</Data></Cell></Row></Table><WorksheetOptions xmlns="urn:schemas-microsoft-com:office:excel"><ProtectedObjects>False</ProtectedObjects><ProtectedScenarios>False</ProtectedScenarios></WorksheetOptions></Worksheet></Workbook>