<?xml version="1.0" encoding="US-ASCII" standalone="yes"?><?mso-application progid="Excel.Sheet"?><Workbook xmlns="urn:schemas-microsoft-com:office:spreadsheet" xmlns:o="urn:schemas-microsoft-com:office:office" xmlns:x="urn:schemas-microsoft-com:office:excel" xmlns:ss="urn:schemas-microsoft-com:office:spreadsheet" xmlns:html="http://www.w3.org/TR/REC-html40"><DocumentProperties xmlns="urn:schemas-microsoft-com:office:office"><Author></Author><LastAuthor></LastAuthor><Created></Created><LastSaved></LastSaved><Company></Company><Version></Version></DocumentProperties><ExcelWorkbook  xmlns="urn:schemas-microsoft-com:office:excel"><ProtectStructure>False</ProtectStructure><ProtectWindows>False</ProtectWindows></ExcelWorkbook><Styles><Style ss:ID="Default" ss:Name="Normal"><Alignment ss:Vertical="Bottom"/><Borders/><Font/><Interior/><NumberFormat/><Protection/></Style><Style ss:ID="s1"><Font ss:Bold="1" ss:Size='12'/><NumberFormat/></Style><Style ss:ID="s21"><Alignment ss:Horizontal="Center" ss:Vertical="Bottom"/><NumberFormat/><Borders><Border ss:Position="Top" ss:LineStyle="Continuous" ss:Weight="1"/></Borders></Style><Style ss:ID="s22"><Alignment ss:Horizontal="Center" ss:Vertical="Bottom"/><NumberFormat/></Style><Style ss:ID="s23"><Alignment ss:Horizontal="Center" ss:Vertical="Bottom"/><NumberFormat/><Borders><Border ss:Position="Bottom" ss:LineStyle="Continuous" ss:Weight="1"/></Borders></Style><Style ss:ID="s24"><NumberFormat/></Style><Style ss:ID="s31"><Borders><Border ss:Position="Top" ss:LineStyle="Continuous" ss:Weight="1"/></Borders></Style><Style ss:ID="s32"><Borders/></Style><Style ss:ID="s33"><Borders><Border ss:Position="Bottom" ss:LineStyle="Continuous" ss:Weight="1"/></Borders></Style></Styles><Names></Names><Worksheet ss:Name="Sheet1"><Table ss:ExpandedColumnCount="5" ss:ExpandedRowCount="15" x:FullColumns="1" x:FullRows="1"><Row></Row><Row><Cell ss:StyleID="s31"><Data ss:Type="String">Summary</Data></Cell><Cell ss:StyleID="s21"><Data ss:Type="String">for</Data></Cell><Cell ss:StyleID="s21"><Data ss:Type="String">variables</Data></Cell><Cell ss:StyleID="s21"><Data ss:Type="String">education</Data></Cell><Cell ss:StyleID="s21"><Data ss:Type="String"></Data></Cell></Row><Row><Cell ss:StyleID="s31"><Data ss:Type="String">by</Data></Cell><Cell ss:StyleID="s21"><Data ss:Type="String">categories</Data></Cell><Cell ss:StyleID="s21"><Data ss:Type="String">of</Data></Cell><Cell ss:StyleID="s21"><Data ss:Type="String">year</Data></Cell><Cell ss:StyleID="s21"><Data ss:Type="String">(Year of observation)</Data></Cell></Row><Row><Cell ss:StyleID="s32"><Data ss:Type="String"></Data></Cell><Cell ss:StyleID="s22"><Data ss:Type="String"></Data></Cell><Cell ss:StyleID="s22"><Data ss:Type="String"></Data></Cell><Cell ss:StyleID="s22"><Data ss:Type="String"></Data></Cell><Cell ss:StyleID="s22"><Data ss:Type="String"></Data></Cell></Row><Row><Cell ss:StyleID="s32"><Data ss:Type="String">year</Data></Cell><Cell ss:StyleID="s22"><Data ss:Type="String">mean</Data></Cell><Cell ss:StyleID="s22"><Data ss:Type="String">sd</Data></Cell><Cell ss:StyleID="s22"><Data ss:Type="String">p75</Data></Cell><Cell ss:StyleID="s22"><Data ss:Type="String"></Data></Cell></Row><Row><Cell ss:StyleID="s32"><Data ss:Type="String">1960</Data></Cell><Cell ss:StyleID="s22"><Data ss:Type="String">3.464</Data></Cell><Cell ss:StyleID="s22"><Data ss:Type="String">2.477</Data></Cell><Cell ss:StyleID="s22"><Data ss:Type="String">5.220</Data></Cell><Cell ss:StyleID="s22"><Data ss:Type="String"></Data></Cell></Row><Row><Cell ss:StyleID="s32"><Data ss:Type="String">1965</Data></Cell><Cell ss:StyleID="s22"><Data ss:Type="String">3.502</Data></Cell><Cell ss:StyleID="s22"><Data ss:Type="String">2.504</Data></Cell><Cell ss:StyleID="s22"><Data ss:Type="String">5.210</Data></Cell><Cell ss:StyleID="s22"><Data ss:Type="String"></Data></Cell></Row><Row><Cell ss:StyleID="s32"><Data ss:Type="String">1970</Data></Cell><Cell ss:StyleID="s22"><Data ss:Type="String">3.850</Data></Cell><Cell ss:StyleID="s22"><Data ss:Type="String">2.648</Data></Cell><Cell ss:StyleID="s22"><Data ss:Type="String">5.480</Data></Cell><Cell ss:StyleID="s22"><Data ss:Type="String"></Data></Cell></Row><Row><Cell ss:StyleID="s32"><Data ss:Type="String">1975</Data></Cell><Cell ss:StyleID="s22"><Data ss:Type="String">4.083</Data></Cell><Cell ss:StyleID="s22"><Data ss:Type="String">2.707</Data></Cell><Cell ss:StyleID="s22"><Data ss:Type="String">5.850</Data></Cell><Cell ss:StyleID="s22"><Data ss:Type="String"></Data></Cell></Row><Row><Cell ss:StyleID="s32"><Data ss:Type="String">1980</Data></Cell><Cell ss:StyleID="s22"><Data ss:Type="String">4.669</Data></Cell><Cell ss:StyleID="s22"><Data ss:Type="String">2.810</Data></Cell><Cell ss:StyleID="s22"><Data ss:Type="String">6.620</Data></Cell><Cell ss:StyleID="s22"><Data ss:Type="String"></Data></Cell></Row><Row><Cell ss:StyleID="s32"><Data ss:Type="String">1985</Data></Cell><Cell ss:StyleID="s22"><Data ss:Type="String">4.981</Data></Cell><Cell ss:StyleID="s22"><Data ss:Type="String">2.749</Data></Cell><Cell ss:StyleID="s22"><Data ss:Type="String">7.310</Data></Cell><Cell ss:StyleID="s22"><Data ss:Type="String"></Data></Cell></Row><Row><Cell ss:StyleID="s32"><Data ss:Type="String">1990</Data></Cell><Cell ss:StyleID="s22"><Data ss:Type="String">5.647</Data></Cell><Cell ss:StyleID="s22"><Data ss:Type="String">2.895</Data></Cell><Cell ss:StyleID="s22"><Data ss:Type="String">8.220</Data></Cell><Cell ss:StyleID="s22"><Data ss:Type="String"></Data></Cell></Row><Row><Cell ss:StyleID="s32"><Data ss:Type="String">1995</Data></Cell><Cell ss:StyleID="s22"><Data ss:Type="String">5.942</Data></Cell><Cell ss:StyleID="s22"><Data ss:Type="String">2.876</Data></Cell><Cell ss:StyleID="s22"><Data ss:Type="String">8.120</Data></Cell><Cell ss:StyleID="s22"><Data ss:Type="String"></Data></Cell></Row><Row><Cell ss:StyleID="s32"><Data ss:Type="String">2000</Data></Cell><Cell ss:StyleID="s22"><Data ss:Type="String">6.292</Data></Cell><Cell ss:StyleID="s22"><Data ss:Type="String">2.844</Data></Cell><Cell ss:StyleID="s22"><Data ss:Type="String">8.530</Data></Cell><Cell ss:StyleID="s22"><Data ss:Type="String"></Data></Cell></Row><Row><Cell ss:StyleID="s33"><Data ss:Type="String">Total</Data></Cell><Cell ss:StyleID="s23"><Data ss:Type="String">4.737</Data></Cell><Cell ss:StyleID="s23"><Data ss:Type="String">2.898</Data></Cell><Cell ss:StyleID="s23"><Data ss:Type="String">6.980</Data></Cell><Cell ss:StyleID="s23"><Data ss:Type="String"></Data></Cell></Row></Table><WorksheetOptions xmlns="urn:schemas-microsoft-com:office:excel"><ProtectedObjects>False</ProtectedObjects><ProtectedScenarios>False</ProtectedScenarios></WorksheetOptions></Worksheet></Workbook>