<?xml version="1.0" encoding="US-ASCII" standalone="yes"?><?mso-application progid="Excel.Sheet"?><Workbook xmlns="urn:schemas-microsoft-com:office:spreadsheet" xmlns:o="urn:schemas-microsoft-com:office:office" xmlns:x="urn:schemas-microsoft-com:office:excel" xmlns:ss="urn:schemas-microsoft-com:office:spreadsheet" xmlns:html="http://www.w3.org/TR/REC-html40"><DocumentProperties xmlns="urn:schemas-microsoft-com:office:office"><Author></Author><LastAuthor></LastAuthor><Created></Created><LastSaved></LastSaved><Company></Company><Version></Version></DocumentProperties><ExcelWorkbook  xmlns="urn:schemas-microsoft-com:office:excel"><ProtectStructure>False</ProtectStructure><ProtectWindows>False</ProtectWindows></ExcelWorkbook><Styles><Style ss:ID="Default" ss:Name="Normal"><Alignment ss:Vertical="Bottom"/><Borders/><Font/><Interior/><NumberFormat/><Protection/></Style><Style ss:ID="s1"><Font ss:Bold="1" ss:Size='12'/><NumberFormat/></Style><Style ss:ID="s21"><Alignment ss:Horizontal="Center" ss:Vertical="Bottom"/><NumberFormat/><Borders><Border ss:Position="Top" ss:LineStyle="Continuous" ss:Weight="1"/></Borders></Style><Style ss:ID="s22"><Alignment ss:Horizontal="Center" ss:Vertical="Bottom"/><NumberFormat/></Style><Style ss:ID="s23"><Alignment ss:Horizontal="Center" ss:Vertical="Bottom"/><NumberFormat/><Borders><Border ss:Position="Bottom" ss:LineStyle="Continuous" ss:Weight="1"/></Borders></Style><Style ss:ID="s24"><NumberFormat/></Style><Style ss:ID="s31"><Borders><Border ss:Position="Top" ss:LineStyle="Continuous" ss:Weight="1"/></Borders></Style><Style ss:ID="s32"><Borders/></Style><Style ss:ID="s33"><Borders><Border ss:Position="Bottom" ss:LineStyle="Continuous" ss:Weight="1"/></Borders></Style></Styles><Names></Names><Worksheet ss:Name="Sheet1"><Table ss:ExpandedColumnCount="5" ss:ExpandedRowCount="134" x:FullColumns="1" x:FullRows="1"><Row></Row><Row><Cell ss:StyleID="s31"><Data ss:Type="String">-&gt;</Data></Cell><Cell ss:StyleID="s21"><Data ss:Type="String">tabulation</Data></Cell><Cell ss:StyleID="s21"><Data ss:Type="String">of</Data></Cell><Cell ss:StyleID="s21"><Data ss:Type="String">country</Data></Cell><Cell ss:StyleID="s21"><Data ss:Type="String"></Data></Cell></Row><Row><Cell ss:StyleID="s31"><Data ss:Type="String"></Data></Cell><Cell ss:StyleID="s21"><Data ss:Type="String"></Data></Cell><Cell ss:StyleID="s21"><Data ss:Type="String"></Data></Cell><Cell ss:StyleID="s21"><Data ss:Type="String"></Data></Cell><Cell ss:StyleID="s21"><Data ss:Type="String"></Data></Cell></Row><Row><Cell ss:StyleID="s32"><Data ss:Type="String">Country name</Data></Cell><Cell ss:StyleID="s22"><Data ss:Type="String">Freq.</Data></Cell><Cell ss:StyleID="s22"><Data ss:Type="String">Percent</Data></Cell><Cell ss:StyleID="s22"><Data ss:Type="String">Cum.</Data></Cell><Cell ss:StyleID="s22"><Data ss:Type="String"></Data></Cell></Row><Row><Cell ss:StyleID="s32"><Data ss:Type="String">afghanistan</Data></Cell><Cell ss:StyleID="s22"><Data ss:Type="String">9</Data></Cell><Cell ss:StyleID="s22"><Data ss:Type="String">1</Data></Cell><Cell ss:StyleID="s22"><Data ss:Type="String">1</Data></Cell><Cell ss:StyleID="s22"><Data ss:Type="String"></Data></Cell></Row><Row><Cell ss:StyleID="s32"><Data ss:Type="String">algeria</Data></Cell><Cell ss:StyleID="s22"><Data ss:Type="String">9</Data></Cell><Cell ss:StyleID="s22"><Data ss:Type="String">1</Data></Cell><Cell ss:StyleID="s22"><Data ss:Type="String">2.010</Data></Cell><Cell ss:StyleID="s22"><Data ss:Type="String"></Data></Cell></Row><Row><Cell ss:StyleID="s32"><Data ss:Type="String">argentina</Data></Cell><Cell ss:StyleID="s22"><Data ss:Type="String">9</Data></Cell><Cell ss:StyleID="s22"><Data ss:Type="String">1</Data></Cell><Cell ss:StyleID="s22"><Data ss:Type="String">3.010</Data></Cell><Cell ss:StyleID="s22"><Data ss:Type="String"></Data></Cell></Row><Row><Cell ss:StyleID="s32"><Data ss:Type="String">australia</Data></Cell><Cell ss:StyleID="s22"><Data ss:Type="String">9</Data></Cell><Cell ss:StyleID="s22"><Data ss:Type="String">1</Data></Cell><Cell ss:StyleID="s22"><Data ss:Type="String">4.020</Data></Cell><Cell ss:StyleID="s22"><Data ss:Type="String"></Data></Cell></Row><Row><Cell ss:StyleID="s32"><Data ss:Type="String">austria</Data></Cell><Cell ss:StyleID="s22"><Data ss:Type="String">9</Data></Cell><Cell ss:StyleID="s22"><Data ss:Type="String">1</Data></Cell><Cell ss:StyleID="s22"><Data ss:Type="String">5.020</Data></Cell><Cell ss:StyleID="s22"><Data ss:Type="String"></Data></Cell></Row><Row><Cell ss:StyleID="s32"><Data ss:Type="String">bahrain</Data></Cell><Cell ss:StyleID="s22"><Data ss:Type="String">9</Data></Cell><Cell ss:StyleID="s22"><Data ss:Type="String">1</Data></Cell><Cell ss:StyleID="s22"><Data ss:Type="String">6.030</Data></Cell><Cell ss:StyleID="s22"><Data ss:Type="String"></Data></Cell></Row><Row><Cell ss:StyleID="s32"><Data ss:Type="String">bangladesh</Data></Cell><Cell ss:StyleID="s22"><Data ss:Type="String">9</Data></Cell><Cell ss:StyleID="s22"><Data ss:Type="String">1</Data></Cell><Cell ss:StyleID="s22"><Data ss:Type="String">7.030</Data></Cell><Cell ss:StyleID="s22"><Data ss:Type="String"></Data></Cell></Row><Row><Cell ss:StyleID="s32"><Data ss:Type="String">barbados</Data></Cell><Cell ss:StyleID="s22"><Data ss:Type="String">9</Data></Cell><Cell ss:StyleID="s22"><Data ss:Type="String">1</Data></Cell><Cell ss:StyleID="s22"><Data ss:Type="String">8.040</Data></Cell><Cell ss:StyleID="s22"><Data ss:Type="String"></Data></Cell></Row><Row><Cell ss:StyleID="s32"><Data ss:Type="String">belgium</Data></Cell><Cell ss:StyleID="s22"><Data ss:Type="String">9</Data></Cell><Cell ss:StyleID="s22"><Data ss:Type="String">1</Data></Cell><Cell ss:StyleID="s22"><Data ss:Type="String">9.040</Data></Cell><Cell ss:StyleID="s22"><Data ss:Type="String"></Data></Cell></Row><Row><Cell ss:StyleID="s32"><Data ss:Type="String">belize</Data></Cell><Cell ss:StyleID="s22"><Data ss:Type="String">3</Data></Cell><Cell ss:StyleID="s22"><Data ss:Type="String">0.330</Data></Cell><Cell ss:StyleID="s22"><Data ss:Type="String">9.380</Data></Cell><Cell ss:StyleID="s22"><Data ss:Type="String"></Data></Cell></Row><Row><Cell ss:StyleID="s32"><Data ss:Type="String">benin</Data></Cell><Cell ss:StyleID="s22"><Data ss:Type="String">9</Data></Cell><Cell ss:StyleID="s22"><Data ss:Type="String">1</Data></Cell><Cell ss:StyleID="s22"><Data ss:Type="String">10.38</Data></Cell><Cell ss:StyleID="s22"><Data ss:Type="String"></Data></Cell></Row><Row><Cell ss:StyleID="s32"><Data ss:Type="String">bolivia</Data></Cell><Cell ss:StyleID="s22"><Data ss:Type="String">9</Data></Cell><Cell ss:StyleID="s22"><Data ss:Type="String">1</Data></Cell><Cell ss:StyleID="s22"><Data ss:Type="String">11.38</Data></Cell><Cell ss:StyleID="s22"><Data ss:Type="String"></Data></Cell></Row><Row><Cell ss:StyleID="s32"><Data ss:Type="String">botswana</Data></Cell><Cell ss:StyleID="s22"><Data ss:Type="String">9</Data></Cell><Cell ss:StyleID="s22"><Data ss:Type="String">1</Data></Cell><Cell ss:StyleID="s22"><Data ss:Type="String">12.39</Data></Cell><Cell ss:StyleID="s22"><Data ss:Type="String"></Data></Cell></Row><Row><Cell ss:StyleID="s32"><Data ss:Type="String">brazil</Data></Cell><Cell ss:StyleID="s22"><Data ss:Type="String">9</Data></Cell><Cell ss:StyleID="s22"><Data ss:Type="String">1</Data></Cell><Cell ss:StyleID="s22"><Data ss:Type="String">13.39</Data></Cell><Cell ss:StyleID="s22"><Data ss:Type="String"></Data></Cell></Row><Row><Cell ss:StyleID="s32"><Data ss:Type="String">brunei</Data></Cell><Cell ss:StyleID="s22"><Data ss:Type="String">3</Data></Cell><Cell ss:StyleID="s22"><Data ss:Type="String">0.330</Data></Cell><Cell ss:StyleID="s22"><Data ss:Type="String">13.73</Data></Cell><Cell ss:StyleID="s22"><Data ss:Type="String"></Data></Cell></Row><Row><Cell ss:StyleID="s32"><Data ss:Type="String">bulgaria</Data></Cell><Cell ss:StyleID="s22"><Data ss:Type="String">9</Data></Cell><Cell ss:StyleID="s22"><Data ss:Type="String">1</Data></Cell><Cell ss:StyleID="s22"><Data ss:Type="String">14.73</Data></Cell><Cell ss:StyleID="s22"><Data ss:Type="String"></Data></Cell></Row><Row><Cell ss:StyleID="s32"><Data ss:Type="String">burundi</Data></Cell><Cell ss:StyleID="s22"><Data ss:Type="String">1</Data></Cell><Cell ss:StyleID="s22"><Data ss:Type="String">0.110</Data></Cell><Cell ss:StyleID="s22"><Data ss:Type="String">14.84</Data></Cell><Cell ss:StyleID="s22"><Data ss:Type="String"></Data></Cell></Row><Row><Cell ss:StyleID="s32"><Data ss:Type="String">cameroon</Data></Cell><Cell ss:StyleID="s22"><Data ss:Type="String">9</Data></Cell><Cell ss:StyleID="s22"><Data ss:Type="String">1</Data></Cell><Cell ss:StyleID="s22"><Data ss:Type="String">15.85</Data></Cell><Cell ss:StyleID="s22"><Data ss:Type="String"></Data></Cell></Row><Row><Cell ss:StyleID="s32"><Data ss:Type="String">canada</Data></Cell><Cell ss:StyleID="s22"><Data ss:Type="String">9</Data></Cell><Cell ss:StyleID="s22"><Data ss:Type="String">1</Data></Cell><Cell ss:StyleID="s22"><Data ss:Type="String">16.85</Data></Cell><Cell ss:StyleID="s22"><Data ss:Type="String"></Data></Cell></Row><Row><Cell ss:StyleID="s32"><Data ss:Type="String">chile</Data></Cell><Cell ss:StyleID="s22"><Data ss:Type="String">9</Data></Cell><Cell ss:StyleID="s22"><Data ss:Type="String">1</Data></Cell><Cell ss:StyleID="s22"><Data ss:Type="String">17.86</Data></Cell><Cell ss:StyleID="s22"><Data ss:Type="String"></Data></Cell></Row><Row><Cell ss:StyleID="s32"><Data ss:Type="String">china</Data></Cell><Cell ss:StyleID="s22"><Data ss:Type="String">9</Data></Cell><Cell ss:StyleID="s22"><Data ss:Type="String">1</Data></Cell><Cell ss:StyleID="s22"><Data ss:Type="String">18.86</Data></Cell><Cell ss:StyleID="s22"><Data ss:Type="String"></Data></Cell></Row><Row><Cell ss:StyleID="s32"><Data ss:Type="String">colombia</Data></Cell><Cell ss:StyleID="s22"><Data ss:Type="String">9</Data></Cell><Cell ss:StyleID="s22"><Data ss:Type="String">1</Data></Cell><Cell ss:StyleID="s22"><Data ss:Type="String">19.87</Data></Cell><Cell ss:StyleID="s22"><Data ss:Type="String"></Data></Cell></Row><Row><Cell ss:StyleID="s32"><Data ss:Type="String">costa</Data></Cell><Cell ss:StyleID="s22"><Data ss:Type="String">rica</Data></Cell><Cell ss:StyleID="s22"><Data ss:Type="String">9</Data></Cell><Cell ss:StyleID="s22"><Data ss:Type="String">1</Data></Cell><Cell ss:StyleID="s22"><Data ss:Type="String">20.87</Data></Cell></Row><Row><Cell ss:StyleID="s32"><Data ss:Type="String">croatia</Data></Cell><Cell ss:StyleID="s22"><Data ss:Type="String">3</Data></Cell><Cell ss:StyleID="s22"><Data ss:Type="String">0.330</Data></Cell><Cell ss:StyleID="s22"><Data ss:Type="String">21.21</Data></Cell><Cell ss:StyleID="s22"><Data ss:Type="String"></Data></Cell></Row><Row><Cell ss:StyleID="s32"><Data ss:Type="String">cuba</Data></Cell><Cell ss:StyleID="s22"><Data ss:Type="String">9</Data></Cell><Cell ss:StyleID="s22"><Data ss:Type="String">1</Data></Cell><Cell ss:StyleID="s22"><Data ss:Type="String">22.21</Data></Cell><Cell ss:StyleID="s22"><Data ss:Type="String"></Data></Cell></Row><Row><Cell ss:StyleID="s32"><Data ss:Type="String">cyprus</Data></Cell><Cell ss:StyleID="s22"><Data ss:Type="String">9</Data></Cell><Cell ss:StyleID="s22"><Data ss:Type="String">1</Data></Cell><Cell ss:StyleID="s22"><Data ss:Type="String">23.21</Data></Cell><Cell ss:StyleID="s22"><Data ss:Type="String"></Data></Cell></Row><Row><Cell ss:StyleID="s32"><Data ss:Type="String">denmark</Data></Cell><Cell ss:StyleID="s22"><Data ss:Type="String">9</Data></Cell><Cell ss:StyleID="s22"><Data ss:Type="String">1</Data></Cell><Cell ss:StyleID="s22"><Data ss:Type="String">24.22</Data></Cell><Cell ss:StyleID="s22"><Data ss:Type="String"></Data></Cell></Row><Row><Cell ss:StyleID="s32"><Data ss:Type="String">dominica</Data></Cell><Cell ss:StyleID="s22"><Data ss:Type="String">2</Data></Cell><Cell ss:StyleID="s22"><Data ss:Type="String">0.220</Data></Cell><Cell ss:StyleID="s22"><Data ss:Type="String">24.44</Data></Cell><Cell ss:StyleID="s22"><Data ss:Type="String"></Data></Cell></Row><Row><Cell ss:StyleID="s32"><Data ss:Type="String">ecuador</Data></Cell><Cell ss:StyleID="s22"><Data ss:Type="String">9</Data></Cell><Cell ss:StyleID="s22"><Data ss:Type="String">1</Data></Cell><Cell ss:StyleID="s22"><Data ss:Type="String">25.45</Data></Cell><Cell ss:StyleID="s22"><Data ss:Type="String"></Data></Cell></Row><Row><Cell ss:StyleID="s32"><Data ss:Type="String">egypt</Data></Cell><Cell ss:StyleID="s22"><Data ss:Type="String">9</Data></Cell><Cell ss:StyleID="s22"><Data ss:Type="String">1</Data></Cell><Cell ss:StyleID="s22"><Data ss:Type="String">26.45</Data></Cell><Cell ss:StyleID="s22"><Data ss:Type="String"></Data></Cell></Row><Row><Cell ss:StyleID="s32"><Data ss:Type="String">el</Data></Cell><Cell ss:StyleID="s22"><Data ss:Type="String">salvador</Data></Cell><Cell ss:StyleID="s22"><Data ss:Type="String">9</Data></Cell><Cell ss:StyleID="s22"><Data ss:Type="String">1</Data></Cell><Cell ss:StyleID="s22"><Data ss:Type="String">27.46</Data></Cell></Row><Row><Cell ss:StyleID="s32"><Data ss:Type="String">estonia</Data></Cell><Cell ss:StyleID="s22"><Data ss:Type="String">1</Data></Cell><Cell ss:StyleID="s22"><Data ss:Type="String">0.110</Data></Cell><Cell ss:StyleID="s22"><Data ss:Type="String">27.57</Data></Cell><Cell ss:StyleID="s22"><Data ss:Type="String"></Data></Cell></Row><Row><Cell ss:StyleID="s32"><Data ss:Type="String">ethiopia</Data></Cell><Cell ss:StyleID="s22"><Data ss:Type="String">1</Data></Cell><Cell ss:StyleID="s22"><Data ss:Type="String">0.110</Data></Cell><Cell ss:StyleID="s22"><Data ss:Type="String">27.68</Data></Cell><Cell ss:StyleID="s22"><Data ss:Type="String"></Data></Cell></Row><Row><Cell ss:StyleID="s32"><Data ss:Type="String">fiji</Data></Cell><Cell ss:StyleID="s22"><Data ss:Type="String">9</Data></Cell><Cell ss:StyleID="s22"><Data ss:Type="String">1</Data></Cell><Cell ss:StyleID="s22"><Data ss:Type="String">28.68</Data></Cell><Cell ss:StyleID="s22"><Data ss:Type="String"></Data></Cell></Row><Row><Cell ss:StyleID="s32"><Data ss:Type="String">finland</Data></Cell><Cell ss:StyleID="s22"><Data ss:Type="String">9</Data></Cell><Cell ss:StyleID="s22"><Data ss:Type="String">1</Data></Cell><Cell ss:StyleID="s22"><Data ss:Type="String">29.69</Data></Cell><Cell ss:StyleID="s22"><Data ss:Type="String"></Data></Cell></Row><Row><Cell ss:StyleID="s32"><Data ss:Type="String">france</Data></Cell><Cell ss:StyleID="s22"><Data ss:Type="String">9</Data></Cell><Cell ss:StyleID="s22"><Data ss:Type="String">1</Data></Cell><Cell ss:StyleID="s22"><Data ss:Type="String">30.69</Data></Cell><Cell ss:StyleID="s22"><Data ss:Type="String"></Data></Cell></Row><Row><Cell ss:StyleID="s32"><Data ss:Type="String">ghana</Data></Cell><Cell ss:StyleID="s22"><Data ss:Type="String">9</Data></Cell><Cell ss:StyleID="s22"><Data ss:Type="String">1</Data></Cell><Cell ss:StyleID="s22"><Data ss:Type="String">31.70</Data></Cell><Cell ss:StyleID="s22"><Data ss:Type="String"></Data></Cell></Row><Row><Cell ss:StyleID="s32"><Data ss:Type="String">greece</Data></Cell><Cell ss:StyleID="s22"><Data ss:Type="String">9</Data></Cell><Cell ss:StyleID="s22"><Data ss:Type="String">1</Data></Cell><Cell ss:StyleID="s22"><Data ss:Type="String">32.70</Data></Cell><Cell ss:StyleID="s22"><Data ss:Type="String"></Data></Cell></Row><Row><Cell ss:StyleID="s32"><Data ss:Type="String">guatemala</Data></Cell><Cell ss:StyleID="s22"><Data ss:Type="String">9</Data></Cell><Cell ss:StyleID="s22"><Data ss:Type="String">1</Data></Cell><Cell ss:StyleID="s22"><Data ss:Type="String">33.71</Data></Cell><Cell ss:StyleID="s22"><Data ss:Type="String"></Data></Cell></Row><Row><Cell ss:StyleID="s32"><Data ss:Type="String">guyana</Data></Cell><Cell ss:StyleID="s22"><Data ss:Type="String">9</Data></Cell><Cell ss:StyleID="s22"><Data ss:Type="String">1</Data></Cell><Cell ss:StyleID="s22"><Data ss:Type="String">34.71</Data></Cell><Cell ss:StyleID="s22"><Data ss:Type="String"></Data></Cell></Row><Row><Cell ss:StyleID="s32"><Data ss:Type="String">haiti</Data></Cell><Cell ss:StyleID="s22"><Data ss:Type="String">9</Data></Cell><Cell ss:StyleID="s22"><Data ss:Type="String">1</Data></Cell><Cell ss:StyleID="s22"><Data ss:Type="String">35.71</Data></Cell><Cell ss:StyleID="s22"><Data ss:Type="String"></Data></Cell></Row><Row><Cell ss:StyleID="s32"><Data ss:Type="String">honduras</Data></Cell><Cell ss:StyleID="s22"><Data ss:Type="String">9</Data></Cell><Cell ss:StyleID="s22"><Data ss:Type="String">1</Data></Cell><Cell ss:StyleID="s22"><Data ss:Type="String">36.72</Data></Cell><Cell ss:StyleID="s22"><Data ss:Type="String"></Data></Cell></Row><Row><Cell ss:StyleID="s32"><Data ss:Type="String">hong</Data></Cell><Cell ss:StyleID="s22"><Data ss:Type="String">kong</Data></Cell><Cell ss:StyleID="s22"><Data ss:Type="String">9</Data></Cell><Cell ss:StyleID="s22"><Data ss:Type="String">1</Data></Cell><Cell ss:StyleID="s22"><Data ss:Type="String">37.72</Data></Cell></Row><Row><Cell ss:StyleID="s32"><Data ss:Type="String">hungary</Data></Cell><Cell ss:StyleID="s22"><Data ss:Type="String">9</Data></Cell><Cell ss:StyleID="s22"><Data ss:Type="String">1</Data></Cell><Cell ss:StyleID="s22"><Data ss:Type="String">38.73</Data></Cell><Cell ss:StyleID="s22"><Data ss:Type="String"></Data></Cell></Row><Row><Cell ss:StyleID="s32"><Data ss:Type="String">iceland</Data></Cell><Cell ss:StyleID="s22"><Data ss:Type="String">9</Data></Cell><Cell ss:StyleID="s22"><Data ss:Type="String">1</Data></Cell><Cell ss:StyleID="s22"><Data ss:Type="String">39.73</Data></Cell><Cell ss:StyleID="s22"><Data ss:Type="String"></Data></Cell></Row><Row><Cell ss:StyleID="s32"><Data ss:Type="String">india</Data></Cell><Cell ss:StyleID="s22"><Data ss:Type="String">9</Data></Cell><Cell ss:StyleID="s22"><Data ss:Type="String">1</Data></Cell><Cell ss:StyleID="s22"><Data ss:Type="String">40.74</Data></Cell><Cell ss:StyleID="s22"><Data ss:Type="String"></Data></Cell></Row><Row><Cell ss:StyleID="s32"><Data ss:Type="String">indonesia</Data></Cell><Cell ss:StyleID="s22"><Data ss:Type="String">9</Data></Cell><Cell ss:StyleID="s22"><Data ss:Type="String">1</Data></Cell><Cell ss:StyleID="s22"><Data ss:Type="String">41.74</Data></Cell><Cell ss:StyleID="s22"><Data ss:Type="String"></Data></Cell></Row><Row><Cell ss:StyleID="s32"><Data ss:Type="String">iraq</Data></Cell><Cell ss:StyleID="s22"><Data ss:Type="String">9</Data></Cell><Cell ss:StyleID="s22"><Data ss:Type="String">1</Data></Cell><Cell ss:StyleID="s22"><Data ss:Type="String">42.75</Data></Cell><Cell ss:StyleID="s22"><Data ss:Type="String"></Data></Cell></Row><Row><Cell ss:StyleID="s32"><Data ss:Type="String">ireland</Data></Cell><Cell ss:StyleID="s22"><Data ss:Type="String">9</Data></Cell><Cell ss:StyleID="s22"><Data ss:Type="String">1</Data></Cell><Cell ss:StyleID="s22"><Data ss:Type="String">43.75</Data></Cell><Cell ss:StyleID="s22"><Data ss:Type="String"></Data></Cell></Row><Row><Cell ss:StyleID="s32"><Data ss:Type="String">israel</Data></Cell><Cell ss:StyleID="s22"><Data ss:Type="String">9</Data></Cell><Cell ss:StyleID="s22"><Data ss:Type="String">1</Data></Cell><Cell ss:StyleID="s22"><Data ss:Type="String">44.75</Data></Cell><Cell ss:StyleID="s22"><Data ss:Type="String"></Data></Cell></Row><Row><Cell ss:StyleID="s32"><Data ss:Type="String">italy</Data></Cell><Cell ss:StyleID="s22"><Data ss:Type="String">9</Data></Cell><Cell ss:StyleID="s22"><Data ss:Type="String">1</Data></Cell><Cell ss:StyleID="s22"><Data ss:Type="String">45.76</Data></Cell><Cell ss:StyleID="s22"><Data ss:Type="String"></Data></Cell></Row><Row><Cell ss:StyleID="s32"><Data ss:Type="String">jamaica</Data></Cell><Cell ss:StyleID="s22"><Data ss:Type="String">9</Data></Cell><Cell ss:StyleID="s22"><Data ss:Type="String">1</Data></Cell><Cell ss:StyleID="s22"><Data ss:Type="String">46.76</Data></Cell><Cell ss:StyleID="s22"><Data ss:Type="String"></Data></Cell></Row><Row><Cell ss:StyleID="s32"><Data ss:Type="String">japan</Data></Cell><Cell ss:StyleID="s22"><Data ss:Type="String">9</Data></Cell><Cell ss:StyleID="s22"><Data ss:Type="String">1</Data></Cell><Cell ss:StyleID="s22"><Data ss:Type="String">47.77</Data></Cell><Cell ss:StyleID="s22"><Data ss:Type="String"></Data></Cell></Row><Row><Cell ss:StyleID="s32"><Data ss:Type="String">jordan</Data></Cell><Cell ss:StyleID="s22"><Data ss:Type="String">9</Data></Cell><Cell ss:StyleID="s22"><Data ss:Type="String">1</Data></Cell><Cell ss:StyleID="s22"><Data ss:Type="String">48.77</Data></Cell><Cell ss:StyleID="s22"><Data ss:Type="String"></Data></Cell></Row><Row><Cell ss:StyleID="s32"><Data ss:Type="String">kenya</Data></Cell><Cell ss:StyleID="s22"><Data ss:Type="String">9</Data></Cell><Cell ss:StyleID="s22"><Data ss:Type="String">1</Data></Cell><Cell ss:StyleID="s22"><Data ss:Type="String">49.78</Data></Cell><Cell ss:StyleID="s22"><Data ss:Type="String"></Data></Cell></Row><Row><Cell ss:StyleID="s32"><Data ss:Type="String">kuwait</Data></Cell><Cell ss:StyleID="s22"><Data ss:Type="String">9</Data></Cell><Cell ss:StyleID="s22"><Data ss:Type="String">1</Data></Cell><Cell ss:StyleID="s22"><Data ss:Type="String">50.78</Data></Cell><Cell ss:StyleID="s22"><Data ss:Type="String"></Data></Cell></Row><Row><Cell ss:StyleID="s32"><Data ss:Type="String">latvia</Data></Cell><Cell ss:StyleID="s22"><Data ss:Type="String">1</Data></Cell><Cell ss:StyleID="s22"><Data ss:Type="String">0.110</Data></Cell><Cell ss:StyleID="s22"><Data ss:Type="String">50.89</Data></Cell><Cell ss:StyleID="s22"><Data ss:Type="String"></Data></Cell></Row><Row><Cell ss:StyleID="s32"><Data ss:Type="String">lesotho</Data></Cell><Cell ss:StyleID="s22"><Data ss:Type="String">9</Data></Cell><Cell ss:StyleID="s22"><Data ss:Type="String">1</Data></Cell><Cell ss:StyleID="s22"><Data ss:Type="String">51.90</Data></Cell><Cell ss:StyleID="s22"><Data ss:Type="String"></Data></Cell></Row><Row><Cell ss:StyleID="s32"><Data ss:Type="String">liberia</Data></Cell><Cell ss:StyleID="s22"><Data ss:Type="String">9</Data></Cell><Cell ss:StyleID="s22"><Data ss:Type="String">1</Data></Cell><Cell ss:StyleID="s22"><Data ss:Type="String">52.90</Data></Cell><Cell ss:StyleID="s22"><Data ss:Type="String"></Data></Cell></Row><Row><Cell ss:StyleID="s32"><Data ss:Type="String">libya</Data></Cell><Cell ss:StyleID="s22"><Data ss:Type="String">3</Data></Cell><Cell ss:StyleID="s22"><Data ss:Type="String">0.330</Data></Cell><Cell ss:StyleID="s22"><Data ss:Type="String">53.24</Data></Cell><Cell ss:StyleID="s22"><Data ss:Type="String"></Data></Cell></Row><Row><Cell ss:StyleID="s32"><Data ss:Type="String">lithuania</Data></Cell><Cell ss:StyleID="s22"><Data ss:Type="String">1</Data></Cell><Cell ss:StyleID="s22"><Data ss:Type="String">0.110</Data></Cell><Cell ss:StyleID="s22"><Data ss:Type="String">53.35</Data></Cell><Cell ss:StyleID="s22"><Data ss:Type="String"></Data></Cell></Row><Row><Cell ss:StyleID="s32"><Data ss:Type="String">malawi</Data></Cell><Cell ss:StyleID="s22"><Data ss:Type="String">9</Data></Cell><Cell ss:StyleID="s22"><Data ss:Type="String">1</Data></Cell><Cell ss:StyleID="s22"><Data ss:Type="String">54.35</Data></Cell><Cell ss:StyleID="s22"><Data ss:Type="String"></Data></Cell></Row><Row><Cell ss:StyleID="s32"><Data ss:Type="String">malaysia</Data></Cell><Cell ss:StyleID="s22"><Data ss:Type="String">9</Data></Cell><Cell ss:StyleID="s22"><Data ss:Type="String">1</Data></Cell><Cell ss:StyleID="s22"><Data ss:Type="String">55.36</Data></Cell><Cell ss:StyleID="s22"><Data ss:Type="String"></Data></Cell></Row><Row><Cell ss:StyleID="s32"><Data ss:Type="String">mali</Data></Cell><Cell ss:StyleID="s22"><Data ss:Type="String">9</Data></Cell><Cell ss:StyleID="s22"><Data ss:Type="String">1</Data></Cell><Cell ss:StyleID="s22"><Data ss:Type="String">56.36</Data></Cell><Cell ss:StyleID="s22"><Data ss:Type="String"></Data></Cell></Row><Row><Cell ss:StyleID="s32"><Data ss:Type="String">malta</Data></Cell><Cell ss:StyleID="s22"><Data ss:Type="String">9</Data></Cell><Cell ss:StyleID="s22"><Data ss:Type="String">1</Data></Cell><Cell ss:StyleID="s22"><Data ss:Type="String">57.37</Data></Cell><Cell ss:StyleID="s22"><Data ss:Type="String"></Data></Cell></Row><Row><Cell ss:StyleID="s32"><Data ss:Type="String">mauritania</Data></Cell><Cell ss:StyleID="s22"><Data ss:Type="String">1</Data></Cell><Cell ss:StyleID="s22"><Data ss:Type="String">0.110</Data></Cell><Cell ss:StyleID="s22"><Data ss:Type="String">57.48</Data></Cell><Cell ss:StyleID="s22"><Data ss:Type="String"></Data></Cell></Row><Row><Cell ss:StyleID="s32"><Data ss:Type="String">mauritius</Data></Cell><Cell ss:StyleID="s22"><Data ss:Type="String">9</Data></Cell><Cell ss:StyleID="s22"><Data ss:Type="String">1</Data></Cell><Cell ss:StyleID="s22"><Data ss:Type="String">58.48</Data></Cell><Cell ss:StyleID="s22"><Data ss:Type="String"></Data></Cell></Row><Row><Cell ss:StyleID="s32"><Data ss:Type="String">mexico</Data></Cell><Cell ss:StyleID="s22"><Data ss:Type="String">9</Data></Cell><Cell ss:StyleID="s22"><Data ss:Type="String">1</Data></Cell><Cell ss:StyleID="s22"><Data ss:Type="String">59.49</Data></Cell><Cell ss:StyleID="s22"><Data ss:Type="String"></Data></Cell></Row><Row><Cell ss:StyleID="s32"><Data ss:Type="String">moldova</Data></Cell><Cell ss:StyleID="s22"><Data ss:Type="String">1</Data></Cell><Cell ss:StyleID="s22"><Data ss:Type="String">0.110</Data></Cell><Cell ss:StyleID="s22"><Data ss:Type="String">59.60</Data></Cell><Cell ss:StyleID="s22"><Data ss:Type="String"></Data></Cell></Row><Row><Cell ss:StyleID="s32"><Data ss:Type="String">mozambique</Data></Cell><Cell ss:StyleID="s22"><Data ss:Type="String">9</Data></Cell><Cell ss:StyleID="s22"><Data ss:Type="String">1</Data></Cell><Cell ss:StyleID="s22"><Data ss:Type="String">60.60</Data></Cell><Cell ss:StyleID="s22"><Data ss:Type="String"></Data></Cell></Row><Row><Cell ss:StyleID="s32"><Data ss:Type="String">namibia</Data></Cell><Cell ss:StyleID="s22"><Data ss:Type="String">2</Data></Cell><Cell ss:StyleID="s22"><Data ss:Type="String">0.220</Data></Cell><Cell ss:StyleID="s22"><Data ss:Type="String">60.83</Data></Cell><Cell ss:StyleID="s22"><Data ss:Type="String"></Data></Cell></Row><Row><Cell ss:StyleID="s32"><Data ss:Type="String">nepal</Data></Cell><Cell ss:StyleID="s22"><Data ss:Type="String">9</Data></Cell><Cell ss:StyleID="s22"><Data ss:Type="String">1</Data></Cell><Cell ss:StyleID="s22"><Data ss:Type="String">61.83</Data></Cell><Cell ss:StyleID="s22"><Data ss:Type="String"></Data></Cell></Row><Row><Cell ss:StyleID="s32"><Data ss:Type="String">netherlands</Data></Cell><Cell ss:StyleID="s22"><Data ss:Type="String">9</Data></Cell><Cell ss:StyleID="s22"><Data ss:Type="String">1</Data></Cell><Cell ss:StyleID="s22"><Data ss:Type="String">62.83</Data></Cell><Cell ss:StyleID="s22"><Data ss:Type="String"></Data></Cell></Row><Row><Cell ss:StyleID="s32"><Data ss:Type="String">new</Data></Cell><Cell ss:StyleID="s22"><Data ss:Type="String">zealand</Data></Cell><Cell ss:StyleID="s22"><Data ss:Type="String">9</Data></Cell><Cell ss:StyleID="s22"><Data ss:Type="String">1</Data></Cell><Cell ss:StyleID="s22"><Data ss:Type="String">63.84</Data></Cell></Row><Row><Cell ss:StyleID="s32"><Data ss:Type="String">nicaragua</Data></Cell><Cell ss:StyleID="s22"><Data ss:Type="String">9</Data></Cell><Cell ss:StyleID="s22"><Data ss:Type="String">1</Data></Cell><Cell ss:StyleID="s22"><Data ss:Type="String">64.84</Data></Cell><Cell ss:StyleID="s22"><Data ss:Type="String"></Data></Cell></Row><Row><Cell ss:StyleID="s32"><Data ss:Type="String">niger</Data></Cell><Cell ss:StyleID="s22"><Data ss:Type="String">9</Data></Cell><Cell ss:StyleID="s22"><Data ss:Type="String">1</Data></Cell><Cell ss:StyleID="s22"><Data ss:Type="String">65.85</Data></Cell><Cell ss:StyleID="s22"><Data ss:Type="String"></Data></Cell></Row><Row><Cell ss:StyleID="s32"><Data ss:Type="String">norway</Data></Cell><Cell ss:StyleID="s22"><Data ss:Type="String">9</Data></Cell><Cell ss:StyleID="s22"><Data ss:Type="String">1</Data></Cell><Cell ss:StyleID="s22"><Data ss:Type="String">66.85</Data></Cell><Cell ss:StyleID="s22"><Data ss:Type="String"></Data></Cell></Row><Row><Cell ss:StyleID="s32"><Data ss:Type="String">pakistan</Data></Cell><Cell ss:StyleID="s22"><Data ss:Type="String">9</Data></Cell><Cell ss:StyleID="s22"><Data ss:Type="String">1</Data></Cell><Cell ss:StyleID="s22"><Data ss:Type="String">67.86</Data></Cell><Cell ss:StyleID="s22"><Data ss:Type="String"></Data></Cell></Row><Row><Cell ss:StyleID="s32"><Data ss:Type="String">panama</Data></Cell><Cell ss:StyleID="s22"><Data ss:Type="String">9</Data></Cell><Cell ss:StyleID="s22"><Data ss:Type="String">1</Data></Cell><Cell ss:StyleID="s22"><Data ss:Type="String">68.86</Data></Cell><Cell ss:StyleID="s22"><Data ss:Type="String"></Data></Cell></Row><Row><Cell ss:StyleID="s32"><Data ss:Type="String">paraguay</Data></Cell><Cell ss:StyleID="s22"><Data ss:Type="String">9</Data></Cell><Cell ss:StyleID="s22"><Data ss:Type="String">1</Data></Cell><Cell ss:StyleID="s22"><Data ss:Type="String">69.87</Data></Cell><Cell ss:StyleID="s22"><Data ss:Type="String"></Data></Cell></Row><Row><Cell ss:StyleID="s32"><Data ss:Type="String">peru</Data></Cell><Cell ss:StyleID="s22"><Data ss:Type="String">9</Data></Cell><Cell ss:StyleID="s22"><Data ss:Type="String">1</Data></Cell><Cell ss:StyleID="s22"><Data ss:Type="String">70.87</Data></Cell><Cell ss:StyleID="s22"><Data ss:Type="String"></Data></Cell></Row><Row><Cell ss:StyleID="s32"><Data ss:Type="String">philippines</Data></Cell><Cell ss:StyleID="s22"><Data ss:Type="String">9</Data></Cell><Cell ss:StyleID="s22"><Data ss:Type="String">1</Data></Cell><Cell ss:StyleID="s22"><Data ss:Type="String">71.88</Data></Cell><Cell ss:StyleID="s22"><Data ss:Type="String"></Data></Cell></Row><Row><Cell ss:StyleID="s32"><Data ss:Type="String">poland</Data></Cell><Cell ss:StyleID="s22"><Data ss:Type="String">9</Data></Cell><Cell ss:StyleID="s22"><Data ss:Type="String">1</Data></Cell><Cell ss:StyleID="s22"><Data ss:Type="String">72.88</Data></Cell><Cell ss:StyleID="s22"><Data ss:Type="String"></Data></Cell></Row><Row><Cell ss:StyleID="s32"><Data ss:Type="String">portugal</Data></Cell><Cell ss:StyleID="s22"><Data ss:Type="String">9</Data></Cell><Cell ss:StyleID="s22"><Data ss:Type="String">1</Data></Cell><Cell ss:StyleID="s22"><Data ss:Type="String">73.88</Data></Cell><Cell ss:StyleID="s22"><Data ss:Type="String"></Data></Cell></Row><Row><Cell ss:StyleID="s32"><Data ss:Type="String">romania</Data></Cell><Cell ss:StyleID="s22"><Data ss:Type="String">9</Data></Cell><Cell ss:StyleID="s22"><Data ss:Type="String">1</Data></Cell><Cell ss:StyleID="s22"><Data ss:Type="String">74.89</Data></Cell><Cell ss:StyleID="s22"><Data ss:Type="String"></Data></Cell></Row><Row><Cell ss:StyleID="s32"><Data ss:Type="String">rwanda</Data></Cell><Cell ss:StyleID="s22"><Data ss:Type="String">9</Data></Cell><Cell ss:StyleID="s22"><Data ss:Type="String">1</Data></Cell><Cell ss:StyleID="s22"><Data ss:Type="String">75.89</Data></Cell><Cell ss:StyleID="s22"><Data ss:Type="String"></Data></Cell></Row><Row><Cell ss:StyleID="s32"><Data ss:Type="String">senegal</Data></Cell><Cell ss:StyleID="s22"><Data ss:Type="String">9</Data></Cell><Cell ss:StyleID="s22"><Data ss:Type="String">1</Data></Cell><Cell ss:StyleID="s22"><Data ss:Type="String">76.90</Data></Cell><Cell ss:StyleID="s22"><Data ss:Type="String"></Data></Cell></Row><Row><Cell ss:StyleID="s32"><Data ss:Type="String">seychelles</Data></Cell><Cell ss:StyleID="s22"><Data ss:Type="String">3</Data></Cell><Cell ss:StyleID="s22"><Data ss:Type="String">0.330</Data></Cell><Cell ss:StyleID="s22"><Data ss:Type="String">77.23</Data></Cell><Cell ss:StyleID="s22"><Data ss:Type="String"></Data></Cell></Row><Row><Cell ss:StyleID="s32"><Data ss:Type="String">sierra</Data></Cell><Cell ss:StyleID="s22"><Data ss:Type="String">leone</Data></Cell><Cell ss:StyleID="s22"><Data ss:Type="String">9</Data></Cell><Cell ss:StyleID="s22"><Data ss:Type="String">1</Data></Cell><Cell ss:StyleID="s22"><Data ss:Type="String">78.24</Data></Cell></Row><Row><Cell ss:StyleID="s32"><Data ss:Type="String">singapore</Data></Cell><Cell ss:StyleID="s22"><Data ss:Type="String">9</Data></Cell><Cell ss:StyleID="s22"><Data ss:Type="String">1</Data></Cell><Cell ss:StyleID="s22"><Data ss:Type="String">79.24</Data></Cell><Cell ss:StyleID="s22"><Data ss:Type="String"></Data></Cell></Row><Row><Cell ss:StyleID="s32"><Data ss:Type="String">slovenia</Data></Cell><Cell ss:StyleID="s22"><Data ss:Type="String">3</Data></Cell><Cell ss:StyleID="s22"><Data ss:Type="String">0.330</Data></Cell><Cell ss:StyleID="s22"><Data ss:Type="String">79.58</Data></Cell><Cell ss:StyleID="s22"><Data ss:Type="String"></Data></Cell></Row><Row><Cell ss:StyleID="s32"><Data ss:Type="String">solomon</Data></Cell><Cell ss:StyleID="s22"><Data ss:Type="String">islands</Data></Cell><Cell ss:StyleID="s22"><Data ss:Type="String">1</Data></Cell><Cell ss:StyleID="s22"><Data ss:Type="String">0.110</Data></Cell><Cell ss:StyleID="s22"><Data ss:Type="String">79.69</Data></Cell></Row><Row><Cell ss:StyleID="s32"><Data ss:Type="String">south</Data></Cell><Cell ss:StyleID="s22"><Data ss:Type="String">africa</Data></Cell><Cell ss:StyleID="s22"><Data ss:Type="String">9</Data></Cell><Cell ss:StyleID="s22"><Data ss:Type="String">1</Data></Cell><Cell ss:StyleID="s22"><Data ss:Type="String">80.69</Data></Cell></Row><Row><Cell ss:StyleID="s32"><Data ss:Type="String">spain</Data></Cell><Cell ss:StyleID="s22"><Data ss:Type="String">9</Data></Cell><Cell ss:StyleID="s22"><Data ss:Type="String">1</Data></Cell><Cell ss:StyleID="s22"><Data ss:Type="String">81.70</Data></Cell><Cell ss:StyleID="s22"><Data ss:Type="String"></Data></Cell></Row><Row><Cell ss:StyleID="s32"><Data ss:Type="String">sri</Data></Cell><Cell ss:StyleID="s22"><Data ss:Type="String">lanka</Data></Cell><Cell ss:StyleID="s22"><Data ss:Type="String">9</Data></Cell><Cell ss:StyleID="s22"><Data ss:Type="String">1</Data></Cell><Cell ss:StyleID="s22"><Data ss:Type="String">82.70</Data></Cell></Row><Row><Cell ss:StyleID="s32"><Data ss:Type="String">sudan</Data></Cell><Cell ss:StyleID="s22"><Data ss:Type="String">9</Data></Cell><Cell ss:StyleID="s22"><Data ss:Type="String">1</Data></Cell><Cell ss:StyleID="s22"><Data ss:Type="String">83.71</Data></Cell><Cell ss:StyleID="s22"><Data ss:Type="String"></Data></Cell></Row><Row><Cell ss:StyleID="s32"><Data ss:Type="String">swaziland</Data></Cell><Cell ss:StyleID="s22"><Data ss:Type="String">9</Data></Cell><Cell ss:StyleID="s22"><Data ss:Type="String">1</Data></Cell><Cell ss:StyleID="s22"><Data ss:Type="String">84.71</Data></Cell><Cell ss:StyleID="s22"><Data ss:Type="String"></Data></Cell></Row><Row><Cell ss:StyleID="s32"><Data ss:Type="String">sweden</Data></Cell><Cell ss:StyleID="s22"><Data ss:Type="String">9</Data></Cell><Cell ss:StyleID="s22"><Data ss:Type="String">1</Data></Cell><Cell ss:StyleID="s22"><Data ss:Type="String">85.71</Data></Cell><Cell ss:StyleID="s22"><Data ss:Type="String"></Data></Cell></Row><Row><Cell ss:StyleID="s32"><Data ss:Type="String">switzerland</Data></Cell><Cell ss:StyleID="s22"><Data ss:Type="String">9</Data></Cell><Cell ss:StyleID="s22"><Data ss:Type="String">1</Data></Cell><Cell ss:StyleID="s22"><Data ss:Type="String">86.72</Data></Cell><Cell ss:StyleID="s22"><Data ss:Type="String"></Data></Cell></Row><Row><Cell ss:StyleID="s32"><Data ss:Type="String">syria</Data></Cell><Cell ss:StyleID="s22"><Data ss:Type="String">9</Data></Cell><Cell ss:StyleID="s22"><Data ss:Type="String">1</Data></Cell><Cell ss:StyleID="s22"><Data ss:Type="String">87.72</Data></Cell><Cell ss:StyleID="s22"><Data ss:Type="String"></Data></Cell></Row><Row><Cell ss:StyleID="s32"><Data ss:Type="String">taiwan</Data></Cell><Cell ss:StyleID="s22"><Data ss:Type="String">9</Data></Cell><Cell ss:StyleID="s22"><Data ss:Type="String">1</Data></Cell><Cell ss:StyleID="s22"><Data ss:Type="String">88.73</Data></Cell><Cell ss:StyleID="s22"><Data ss:Type="String"></Data></Cell></Row><Row><Cell ss:StyleID="s32"><Data ss:Type="String">tajikistan</Data></Cell><Cell ss:StyleID="s22"><Data ss:Type="String">1</Data></Cell><Cell ss:StyleID="s22"><Data ss:Type="String">0.110</Data></Cell><Cell ss:StyleID="s22"><Data ss:Type="String">88.84</Data></Cell><Cell ss:StyleID="s22"><Data ss:Type="String"></Data></Cell></Row><Row><Cell ss:StyleID="s32"><Data ss:Type="String">thailand</Data></Cell><Cell ss:StyleID="s22"><Data ss:Type="String">9</Data></Cell><Cell ss:StyleID="s22"><Data ss:Type="String">1</Data></Cell><Cell ss:StyleID="s22"><Data ss:Type="String">89.84</Data></Cell><Cell ss:StyleID="s22"><Data ss:Type="String"></Data></Cell></Row><Row><Cell ss:StyleID="s32"><Data ss:Type="String">togo</Data></Cell><Cell ss:StyleID="s22"><Data ss:Type="String">9</Data></Cell><Cell ss:StyleID="s22"><Data ss:Type="String">1</Data></Cell><Cell ss:StyleID="s22"><Data ss:Type="String">90.85</Data></Cell><Cell ss:StyleID="s22"><Data ss:Type="String"></Data></Cell></Row><Row><Cell ss:StyleID="s32"><Data ss:Type="String">tunisia</Data></Cell><Cell ss:StyleID="s22"><Data ss:Type="String">9</Data></Cell><Cell ss:StyleID="s22"><Data ss:Type="String">1</Data></Cell><Cell ss:StyleID="s22"><Data ss:Type="String">91.85</Data></Cell><Cell ss:StyleID="s22"><Data ss:Type="String"></Data></Cell></Row><Row><Cell ss:StyleID="s32"><Data ss:Type="String">turkey</Data></Cell><Cell ss:StyleID="s22"><Data ss:Type="String">9</Data></Cell><Cell ss:StyleID="s22"><Data ss:Type="String">1</Data></Cell><Cell ss:StyleID="s22"><Data ss:Type="String">92.86</Data></Cell><Cell ss:StyleID="s22"><Data ss:Type="String"></Data></Cell></Row><Row><Cell ss:StyleID="s32"><Data ss:Type="String">uganda</Data></Cell><Cell ss:StyleID="s22"><Data ss:Type="String">9</Data></Cell><Cell ss:StyleID="s22"><Data ss:Type="String">1</Data></Cell><Cell ss:StyleID="s22"><Data ss:Type="String">93.86</Data></Cell><Cell ss:StyleID="s22"><Data ss:Type="String"></Data></Cell></Row><Row><Cell ss:StyleID="s32"><Data ss:Type="String">united</Data></Cell><Cell ss:StyleID="s22"><Data ss:Type="String">kingdom</Data></Cell><Cell ss:StyleID="s22"><Data ss:Type="String">9</Data></Cell><Cell ss:StyleID="s22"><Data ss:Type="String">1</Data></Cell><Cell ss:StyleID="s22"><Data ss:Type="String">94.87</Data></Cell></Row><Row><Cell ss:StyleID="s32"><Data ss:Type="String">united</Data></Cell><Cell ss:StyleID="s22"><Data ss:Type="String">states</Data></Cell><Cell ss:StyleID="s22"><Data ss:Type="String">9</Data></Cell><Cell ss:StyleID="s22"><Data ss:Type="String">1</Data></Cell><Cell ss:StyleID="s22"><Data ss:Type="String">95.87</Data></Cell></Row><Row><Cell ss:StyleID="s32"><Data ss:Type="String">uruguay</Data></Cell><Cell ss:StyleID="s22"><Data ss:Type="String">9</Data></Cell><Cell ss:StyleID="s22"><Data ss:Type="String">1</Data></Cell><Cell ss:StyleID="s22"><Data ss:Type="String">96.88</Data></Cell><Cell ss:StyleID="s22"><Data ss:Type="String"></Data></Cell></Row><Row><Cell ss:StyleID="s32"><Data ss:Type="String">vanuatu</Data></Cell><Cell ss:StyleID="s22"><Data ss:Type="String">1</Data></Cell><Cell ss:StyleID="s22"><Data ss:Type="String">0.110</Data></Cell><Cell ss:StyleID="s22"><Data ss:Type="String">96.99</Data></Cell><Cell ss:StyleID="s22"><Data ss:Type="String"></Data></Cell></Row><Row><Cell ss:StyleID="s32"><Data ss:Type="String">venezuela</Data></Cell><Cell ss:StyleID="s22"><Data ss:Type="String">9</Data></Cell><Cell ss:StyleID="s22"><Data ss:Type="String">1</Data></Cell><Cell ss:StyleID="s22"><Data ss:Type="String">97.99</Data></Cell><Cell ss:StyleID="s22"><Data ss:Type="String"></Data></Cell></Row><Row><Cell ss:StyleID="s32"><Data ss:Type="String">zambia</Data></Cell><Cell ss:StyleID="s22"><Data ss:Type="String">9</Data></Cell><Cell ss:StyleID="s22"><Data ss:Type="String">1</Data></Cell><Cell ss:StyleID="s22"><Data ss:Type="String">99</Data></Cell><Cell ss:StyleID="s22"><Data ss:Type="String"></Data></Cell></Row><Row><Cell ss:StyleID="s32"><Data ss:Type="String">zimbabwe</Data></Cell><Cell ss:StyleID="s22"><Data ss:Type="String">9</Data></Cell><Cell ss:StyleID="s22"><Data ss:Type="String">1</Data></Cell><Cell ss:StyleID="s22"><Data ss:Type="String">100</Data></Cell><Cell ss:StyleID="s22"><Data ss:Type="String"></Data></Cell></Row><Row><Cell ss:StyleID="s32"><Data ss:Type="String">Total</Data></Cell><Cell ss:StyleID="s22"><Data ss:Type="String">896</Data></Cell><Cell ss:StyleID="s22"><Data ss:Type="String">100</Data></Cell><Cell ss:StyleID="s22"><Data ss:Type="String"></Data></Cell><Cell ss:StyleID="s22"><Data ss:Type="String"></Data></Cell></Row><Row><Cell ss:StyleID="s32"><Data ss:Type="String"></Data></Cell><Cell ss:StyleID="s22"><Data ss:Type="String"></Data></Cell><Cell ss:StyleID="s22"><Data ss:Type="String"></Data></Cell><Cell ss:StyleID="s22"><Data ss:Type="String"></Data></Cell><Cell ss:StyleID="s22"><Data ss:Type="String"></Data></Cell></Row><Row><Cell ss:StyleID="s32"><Data ss:Type="String">-&gt;</Data></Cell><Cell ss:StyleID="s22"><Data ss:Type="String">tabulation</Data></Cell><Cell ss:StyleID="s22"><Data ss:Type="String">of</Data></Cell><Cell ss:StyleID="s22"><Data ss:Type="String">year</Data></Cell><Cell ss:StyleID="s22"><Data ss:Type="String"></Data></Cell></Row><Row><Cell ss:StyleID="s32"><Data ss:Type="String"></Data></Cell><Cell ss:StyleID="s22"><Data ss:Type="String"></Data></Cell><Cell ss:StyleID="s22"><Data ss:Type="String"></Data></Cell><Cell ss:StyleID="s22"><Data ss:Type="String"></Data></Cell><Cell ss:StyleID="s22"><Data ss:Type="String"></Data></Cell></Row><Row><Cell ss:StyleID="s32"><Data ss:Type="String">Year of obs</Data></Cell><Cell ss:StyleID="s22"><Data ss:Type="String"></Data></Cell><Cell ss:StyleID="s22"><Data ss:Type="String"></Data></Cell><Cell ss:StyleID="s22"><Data ss:Type="String"></Data></Cell><Cell ss:StyleID="s22"><Data ss:Type="String"></Data></Cell></Row><Row><Cell ss:StyleID="s32"><Data ss:Type="String">ervation</Data></Cell><Cell ss:StyleID="s22"><Data ss:Type="String">Freq.</Data></Cell><Cell ss:StyleID="s22"><Data ss:Type="String">Percent</Data></Cell><Cell ss:StyleID="s22"><Data ss:Type="String">Cum.</Data></Cell><Cell ss:StyleID="s22"><Data ss:Type="String"></Data></Cell></Row><Row><Cell ss:StyleID="s32"><Data ss:Type="String">1960</Data></Cell><Cell ss:StyleID="s22"><Data ss:Type="String">99</Data></Cell><Cell ss:StyleID="s22"><Data ss:Type="String">11.05</Data></Cell><Cell ss:StyleID="s22"><Data ss:Type="String">11.05</Data></Cell><Cell ss:StyleID="s22"><Data ss:Type="String"></Data></Cell></Row><Row><Cell ss:StyleID="s32"><Data ss:Type="String">1965</Data></Cell><Cell ss:StyleID="s22"><Data ss:Type="String">97</Data></Cell><Cell ss:StyleID="s22"><Data ss:Type="String">10.83</Data></Cell><Cell ss:StyleID="s22"><Data ss:Type="String">21.88</Data></Cell><Cell ss:StyleID="s22"><Data ss:Type="String"></Data></Cell></Row><Row><Cell ss:StyleID="s32"><Data ss:Type="String">1970</Data></Cell><Cell ss:StyleID="s22"><Data ss:Type="String">100</Data></Cell><Cell ss:StyleID="s22"><Data ss:Type="String">11.16</Data></Cell><Cell ss:StyleID="s22"><Data ss:Type="String">33.04</Data></Cell><Cell ss:StyleID="s22"><Data ss:Type="String"></Data></Cell></Row><Row><Cell ss:StyleID="s32"><Data ss:Type="String">1975</Data></Cell><Cell ss:StyleID="s22"><Data ss:Type="String">98</Data></Cell><Cell ss:StyleID="s22"><Data ss:Type="String">10.94</Data></Cell><Cell ss:StyleID="s22"><Data ss:Type="String">43.97</Data></Cell><Cell ss:StyleID="s22"><Data ss:Type="String"></Data></Cell></Row><Row><Cell ss:StyleID="s32"><Data ss:Type="String">1980</Data></Cell><Cell ss:StyleID="s22"><Data ss:Type="String">100</Data></Cell><Cell ss:StyleID="s22"><Data ss:Type="String">11.16</Data></Cell><Cell ss:StyleID="s22"><Data ss:Type="String">55.13</Data></Cell><Cell ss:StyleID="s22"><Data ss:Type="String"></Data></Cell></Row><Row><Cell ss:StyleID="s32"><Data ss:Type="String">1985</Data></Cell><Cell ss:StyleID="s22"><Data ss:Type="String">98</Data></Cell><Cell ss:StyleID="s22"><Data ss:Type="String">10.94</Data></Cell><Cell ss:StyleID="s22"><Data ss:Type="String">66.07</Data></Cell><Cell ss:StyleID="s22"><Data ss:Type="String"></Data></Cell></Row><Row><Cell ss:StyleID="s32"><Data ss:Type="String">1990</Data></Cell><Cell ss:StyleID="s22"><Data ss:Type="String">107</Data></Cell><Cell ss:StyleID="s22"><Data ss:Type="String">11.94</Data></Cell><Cell ss:StyleID="s22"><Data ss:Type="String">78.01</Data></Cell><Cell ss:StyleID="s22"><Data ss:Type="String"></Data></Cell></Row><Row><Cell ss:StyleID="s32"><Data ss:Type="String">1995</Data></Cell><Cell ss:StyleID="s22"><Data ss:Type="String">99</Data></Cell><Cell ss:StyleID="s22"><Data ss:Type="String">11.05</Data></Cell><Cell ss:StyleID="s22"><Data ss:Type="String">89.06</Data></Cell><Cell ss:StyleID="s22"><Data ss:Type="String"></Data></Cell></Row><Row><Cell ss:StyleID="s32"><Data ss:Type="String">2000</Data></Cell><Cell ss:StyleID="s22"><Data ss:Type="String">98</Data></Cell><Cell ss:StyleID="s22"><Data ss:Type="String">10.94</Data></Cell><Cell ss:StyleID="s22"><Data ss:Type="String">100</Data></Cell><Cell ss:StyleID="s22"><Data ss:Type="String"></Data></Cell></Row><Row><Cell ss:StyleID="s33"><Data ss:Type="String">Total</Data></Cell><Cell ss:StyleID="s23"><Data ss:Type="String">896</Data></Cell><Cell ss:StyleID="s23"><Data ss:Type="String">100</Data></Cell><Cell ss:StyleID="s23"><Data ss:Type="String"></Data></Cell><Cell ss:StyleID="s23"><Data ss:Type="String"></Data></Cell></Row></Table><WorksheetOptions xmlns="urn:schemas-microsoft-com:office:excel"><ProtectedObjects>False</ProtectedObjects><ProtectedScenarios>False</ProtectedScenarios></WorksheetOptions></Worksheet></Workbook>