<?xml version="1.0" encoding="US-ASCII" standalone="yes"?><?mso-application progid="Excel.Sheet"?><Workbook xmlns="urn:schemas-microsoft-com:office:spreadsheet" xmlns:o="urn:schemas-microsoft-com:office:office" xmlns:x="urn:schemas-microsoft-com:office:excel" xmlns:ss="urn:schemas-microsoft-com:office:spreadsheet" xmlns:html="http://www.w3.org/TR/REC-html40"><DocumentProperties xmlns="urn:schemas-microsoft-com:office:office"><Author></Author><LastAuthor></LastAuthor><Created></Created><LastSaved></LastSaved><Company></Company><Version></Version></DocumentProperties><ExcelWorkbook  xmlns="urn:schemas-microsoft-com:office:excel"><ProtectStructure>False</ProtectStructure><ProtectWindows>False</ProtectWindows></ExcelWorkbook><Styles><Style ss:ID="Default" ss:Name="Normal"><Alignment ss:Vertical="Bottom"/><Borders/><Font/><Interior/><NumberFormat/><Protection/></Style><Style ss:ID="s1"><Font ss:Bold="1" ss:Size='12'/><NumberFormat/></Style><Style ss:ID="s21"><Alignment ss:Horizontal="Center" ss:Vertical="Bottom"/><NumberFormat/><Borders><Border ss:Position="Top" ss:LineStyle="Continuous" ss:Weight="1"/></Borders></Style><Style ss:ID="s22"><Alignment ss:Horizontal="Center" ss:Vertical="Bottom"/><NumberFormat/></Style><Style ss:ID="s23"><Alignment ss:Horizontal="Center" ss:Vertical="Bottom"/><NumberFormat/><Borders><Border ss:Position="Bottom" ss:LineStyle="Continuous" ss:Weight="1"/></Borders></Style><Style ss:ID="s24"><NumberFormat/></Style><Style ss:ID="s31"><Borders><Border ss:Position="Top" ss:LineStyle="Continuous" ss:Weight="1"/></Borders></Style><Style ss:ID="s32"><Borders/></Style><Style ss:ID="s33"><Borders><Border ss:Position="Bottom" ss:LineStyle="Continuous" ss:Weight="1"/></Borders></Style></Styles><Names></Names><Worksheet ss:Name="Sheet1"><Table ss:ExpandedColumnCount="10" ss:ExpandedRowCount="148" x:FullColumns="1" x:FullRows="1"><Row></Row><Row><Cell ss:StyleID="s31"><Data ss:Type="String">Summary</Data></Cell><Cell ss:StyleID="s21"><Data ss:Type="String">for</Data></Cell><Cell ss:StyleID="s21"><Data ss:Type="String">variables</Data></Cell><Cell ss:StyleID="s21"><Data ss:Type="String">education</Data></Cell><Cell ss:StyleID="s21"><Data ss:Type="String"></Data></Cell><Cell ss:StyleID="s21"><Data ss:Type="String"></Data></Cell><Cell ss:StyleID="s21"><Data ss:Type="String"></Data></Cell><Cell ss:StyleID="s21"><Data ss:Type="String"></Data></Cell><Cell ss:StyleID="s21"><Data ss:Type="String"></Data></Cell><Cell ss:StyleID="s21"><Data ss:Type="String"></Data></Cell></Row><Row><Cell ss:StyleID="s31"><Data ss:Type="String">by</Data></Cell><Cell ss:StyleID="s21"><Data ss:Type="String">categories</Data></Cell><Cell ss:StyleID="s21"><Data ss:Type="String">of</Data></Cell><Cell ss:StyleID="s21"><Data ss:Type="String">country</Data></Cell><Cell ss:StyleID="s21"><Data ss:Type="String">(country)</Data></Cell><Cell ss:StyleID="s21"><Data ss:Type="String"></Data></Cell><Cell ss:StyleID="s21"><Data ss:Type="String"></Data></Cell><Cell ss:StyleID="s21"><Data ss:Type="String"></Data></Cell><Cell ss:StyleID="s21"><Data ss:Type="String"></Data></Cell><Cell ss:StyleID="s21"><Data ss:Type="String"></Data></Cell></Row><Row><Cell ss:StyleID="s32"><Data ss:Type="String"></Data></Cell><Cell ss:StyleID="s22"><Data ss:Type="String"></Data></Cell><Cell ss:StyleID="s22"><Data ss:Type="String"></Data></Cell><Cell ss:StyleID="s22"><Data ss:Type="String"></Data></Cell><Cell ss:StyleID="s22"><Data ss:Type="String"></Data></Cell><Cell ss:StyleID="s22"><Data ss:Type="String"></Data></Cell><Cell ss:StyleID="s22"><Data ss:Type="String"></Data></Cell><Cell ss:StyleID="s22"><Data ss:Type="String"></Data></Cell><Cell ss:StyleID="s22"><Data ss:Type="String"></Data></Cell><Cell ss:StyleID="s22"><Data ss:Type="String"></Data></Cell></Row><Row><Cell ss:StyleID="s32"><Data ss:Type="String">country</Data></Cell><Cell ss:StyleID="s22"><Data ss:Type="String">mean</Data></Cell><Cell ss:StyleID="s22"><Data ss:Type="String">sd</Data></Cell><Cell ss:StyleID="s22"><Data ss:Type="String">min</Data></Cell><Cell ss:StyleID="s22"><Data ss:Type="String">p10</Data></Cell><Cell ss:StyleID="s22"><Data ss:Type="String">p50</Data></Cell><Cell ss:StyleID="s22"><Data ss:Type="String">p90</Data></Cell><Cell ss:StyleID="s22"><Data ss:Type="String">p99</Data></Cell><Cell ss:StyleID="s22"><Data ss:Type="String"></Data></Cell><Cell ss:StyleID="s22"><Data ss:Type="String"></Data></Cell></Row><Row><Cell ss:StyleID="s32"><Data ss:Type="String">afghanistan</Data></Cell><Cell ss:StyleID="s22"><Data ss:Type="String">0.928</Data></Cell><Cell ss:StyleID="s22"><Data ss:Type="String">0.159</Data></Cell><Cell ss:StyleID="s22"><Data ss:Type="String">0.730</Data></Cell><Cell ss:StyleID="s22"><Data ss:Type="String">0.730</Data></Cell><Cell ss:StyleID="s22"><Data ss:Type="String">0.910</Data></Cell><Cell ss:StyleID="s22"><Data ss:Type="String">1.140</Data></Cell><Cell ss:StyleID="s22"><Data ss:Type="String">1.140</Data></Cell><Cell ss:StyleID="s22"><Data ss:Type="String"></Data></Cell><Cell ss:StyleID="s22"><Data ss:Type="String"></Data></Cell></Row><Row><Cell ss:StyleID="s32"><Data ss:Type="String">algeria</Data></Cell><Cell ss:StyleID="s22"><Data ss:Type="String">1.975</Data></Cell><Cell ss:StyleID="s22"><Data ss:Type="String">1.438</Data></Cell><Cell ss:StyleID="s22"><Data ss:Type="String">0.650</Data></Cell><Cell ss:StyleID="s22"><Data ss:Type="String">0.735</Data></Cell><Cell ss:StyleID="s22"><Data ss:Type="String">1.315</Data></Cell><Cell ss:StyleID="s22"><Data ss:Type="String">4.315</Data></Cell><Cell ss:StyleID="s22"><Data ss:Type="String">4.720</Data></Cell><Cell ss:StyleID="s22"><Data ss:Type="String"></Data></Cell><Cell ss:StyleID="s22"><Data ss:Type="String"></Data></Cell></Row><Row><Cell ss:StyleID="s32"><Data ss:Type="String">antigua</Data></Cell><Cell ss:StyleID="s22"><Data ss:Type="String">&</Data></Cell><Cell ss:StyleID="s22"><Data ss:Type="String">barb.</Data></Cell><Cell ss:StyleID="s22"><Data ss:Type="String">4.800</Data></Cell><Cell ss:StyleID="s22"><Data ss:Type="String">.</Data></Cell><Cell ss:StyleID="s22"><Data ss:Type="String">4.800</Data></Cell><Cell ss:StyleID="s22"><Data ss:Type="String">4.800</Data></Cell><Cell ss:StyleID="s22"><Data ss:Type="String">4.800</Data></Cell><Cell ss:StyleID="s22"><Data ss:Type="String">4.800</Data></Cell><Cell ss:StyleID="s22"><Data ss:Type="String">4.800</Data></Cell></Row><Row><Cell ss:StyleID="s32"><Data ss:Type="String">argentina</Data></Cell><Cell ss:StyleID="s22"><Data ss:Type="String">6.403</Data></Cell><Cell ss:StyleID="s22"><Data ss:Type="String">1.395</Data></Cell><Cell ss:StyleID="s22"><Data ss:Type="String">4.360</Data></Cell><Cell ss:StyleID="s22"><Data ss:Type="String">4.675</Data></Cell><Cell ss:StyleID="s22"><Data ss:Type="String">6.250</Data></Cell><Cell ss:StyleID="s22"><Data ss:Type="String">8.305</Data></Cell><Cell ss:StyleID="s22"><Data ss:Type="String">8.490</Data></Cell><Cell ss:StyleID="s22"><Data ss:Type="String"></Data></Cell><Cell ss:StyleID="s22"><Data ss:Type="String"></Data></Cell></Row><Row><Cell ss:StyleID="s32"><Data ss:Type="String">australia</Data></Cell><Cell ss:StyleID="s22"><Data ss:Type="String">9.968</Data></Cell><Cell ss:StyleID="s22"><Data ss:Type="String">0.401</Data></Cell><Cell ss:StyleID="s22"><Data ss:Type="String">9.300</Data></Cell><Cell ss:StyleID="s22"><Data ss:Type="String">9.300</Data></Cell><Cell ss:StyleID="s22"><Data ss:Type="String">10.06</Data></Cell><Cell ss:StyleID="s22"><Data ss:Type="String">10.57</Data></Cell><Cell ss:StyleID="s22"><Data ss:Type="String">10.57</Data></Cell><Cell ss:StyleID="s22"><Data ss:Type="String"></Data></Cell><Cell ss:StyleID="s22"><Data ss:Type="String"></Data></Cell></Row><Row><Cell ss:StyleID="s32"><Data ss:Type="String">austria</Data></Cell><Cell ss:StyleID="s22"><Data ss:Type="String">7.732</Data></Cell><Cell ss:StyleID="s22"><Data ss:Type="String">0.844</Data></Cell><Cell ss:StyleID="s22"><Data ss:Type="String">6.710</Data></Cell><Cell ss:StyleID="s22"><Data ss:Type="String">6.710</Data></Cell><Cell ss:StyleID="s22"><Data ss:Type="String">8.220</Data></Cell><Cell ss:StyleID="s22"><Data ss:Type="String">8.800</Data></Cell><Cell ss:StyleID="s22"><Data ss:Type="String">8.800</Data></Cell><Cell ss:StyleID="s22"><Data ss:Type="String"></Data></Cell><Cell ss:StyleID="s22"><Data ss:Type="String"></Data></Cell></Row><Row><Cell ss:StyleID="s32"><Data ss:Type="String">bahrain</Data></Cell><Cell ss:StyleID="s22"><Data ss:Type="String">3.387</Data></Cell><Cell ss:StyleID="s22"><Data ss:Type="String">1.795</Data></Cell><Cell ss:StyleID="s22"><Data ss:Type="String">1.370</Data></Cell><Cell ss:StyleID="s22"><Data ss:Type="String">1.370</Data></Cell><Cell ss:StyleID="s22"><Data ss:Type="String">3.120</Data></Cell><Cell ss:StyleID="s22"><Data ss:Type="String">6.090</Data></Cell><Cell ss:StyleID="s22"><Data ss:Type="String">6.090</Data></Cell><Cell ss:StyleID="s22"><Data ss:Type="String"></Data></Cell><Cell ss:StyleID="s22"><Data ss:Type="String"></Data></Cell></Row><Row><Cell ss:StyleID="s32"><Data ss:Type="String">bangladesh</Data></Cell><Cell ss:StyleID="s22"><Data ss:Type="String">1.572</Data></Cell><Cell ss:StyleID="s22"><Data ss:Type="String">0.685</Data></Cell><Cell ss:StyleID="s22"><Data ss:Type="String">0.790</Data></Cell><Cell ss:StyleID="s22"><Data ss:Type="String">0.790</Data></Cell><Cell ss:StyleID="s22"><Data ss:Type="String">1.680</Data></Cell><Cell ss:StyleID="s22"><Data ss:Type="String">2.450</Data></Cell><Cell ss:StyleID="s22"><Data ss:Type="String">2.450</Data></Cell><Cell ss:StyleID="s22"><Data ss:Type="String"></Data></Cell><Cell ss:StyleID="s22"><Data ss:Type="String"></Data></Cell></Row><Row><Cell ss:StyleID="s32"><Data ss:Type="String">barbados</Data></Cell><Cell ss:StyleID="s22"><Data ss:Type="String">7.653</Data></Cell><Cell ss:StyleID="s22"><Data ss:Type="String">1.546</Data></Cell><Cell ss:StyleID="s22"><Data ss:Type="String">5.220</Data></Cell><Cell ss:StyleID="s22"><Data ss:Type="String">5.220</Data></Cell><Cell ss:StyleID="s22"><Data ss:Type="String">8.190</Data></Cell><Cell ss:StyleID="s22"><Data ss:Type="String">9.110</Data></Cell><Cell ss:StyleID="s22"><Data ss:Type="String">9.110</Data></Cell><Cell ss:StyleID="s22"><Data ss:Type="String"></Data></Cell><Cell ss:StyleID="s22"><Data ss:Type="String"></Data></Cell></Row><Row><Cell ss:StyleID="s32"><Data ss:Type="String">belgium</Data></Cell><Cell ss:StyleID="s22"><Data ss:Type="String">8.126</Data></Cell><Cell ss:StyleID="s22"><Data ss:Type="String">0.433</Data></Cell><Cell ss:StyleID="s22"><Data ss:Type="String">7.460</Data></Cell><Cell ss:StyleID="s22"><Data ss:Type="String">7.460</Data></Cell><Cell ss:StyleID="s22"><Data ss:Type="String">8.160</Data></Cell><Cell ss:StyleID="s22"><Data ss:Type="String">8.730</Data></Cell><Cell ss:StyleID="s22"><Data ss:Type="String">8.730</Data></Cell><Cell ss:StyleID="s22"><Data ss:Type="String"></Data></Cell><Cell ss:StyleID="s22"><Data ss:Type="String"></Data></Cell></Row><Row><Cell ss:StyleID="s32"><Data ss:Type="String">belize</Data></Cell><Cell ss:StyleID="s22"><Data ss:Type="String">.</Data></Cell><Cell ss:StyleID="s22"><Data ss:Type="String">.</Data></Cell><Cell ss:StyleID="s22"><Data ss:Type="String">.</Data></Cell><Cell ss:StyleID="s22"><Data ss:Type="String">.</Data></Cell><Cell ss:StyleID="s22"><Data ss:Type="String">.</Data></Cell><Cell ss:StyleID="s22"><Data ss:Type="String">.</Data></Cell><Cell ss:StyleID="s22"><Data ss:Type="String">.</Data></Cell><Cell ss:StyleID="s22"><Data ss:Type="String"></Data></Cell><Cell ss:StyleID="s22"><Data ss:Type="String"></Data></Cell></Row><Row><Cell ss:StyleID="s32"><Data ss:Type="String">benin</Data></Cell><Cell ss:StyleID="s22"><Data ss:Type="String">1.127</Data></Cell><Cell ss:StyleID="s22"><Data ss:Type="String">0.736</Data></Cell><Cell ss:StyleID="s22"><Data ss:Type="String">0.290</Data></Cell><Cell ss:StyleID="s22"><Data ss:Type="String">0.290</Data></Cell><Cell ss:StyleID="s22"><Data ss:Type="String">0.890</Data></Cell><Cell ss:StyleID="s22"><Data ss:Type="String">2.100</Data></Cell><Cell ss:StyleID="s22"><Data ss:Type="String">2.100</Data></Cell><Cell ss:StyleID="s22"><Data ss:Type="String"></Data></Cell><Cell ss:StyleID="s22"><Data ss:Type="String"></Data></Cell></Row><Row><Cell ss:StyleID="s32"><Data ss:Type="String">bolivia</Data></Cell><Cell ss:StyleID="s22"><Data ss:Type="String">4.359</Data></Cell><Cell ss:StyleID="s22"><Data ss:Type="String">0.650</Data></Cell><Cell ss:StyleID="s22"><Data ss:Type="String">3.720</Data></Cell><Cell ss:StyleID="s22"><Data ss:Type="String">3.720</Data></Cell><Cell ss:StyleID="s22"><Data ss:Type="String">4.190</Data></Cell><Cell ss:StyleID="s22"><Data ss:Type="String">5.540</Data></Cell><Cell ss:StyleID="s22"><Data ss:Type="String">5.540</Data></Cell><Cell ss:StyleID="s22"><Data ss:Type="String"></Data></Cell><Cell ss:StyleID="s22"><Data ss:Type="String"></Data></Cell></Row><Row><Cell ss:StyleID="s32"><Data ss:Type="String">botswana</Data></Cell><Cell ss:StyleID="s22"><Data ss:Type="String">2.808</Data></Cell><Cell ss:StyleID="s22"><Data ss:Type="String">1.572</Data></Cell><Cell ss:StyleID="s22"><Data ss:Type="String">1.320</Data></Cell><Cell ss:StyleID="s22"><Data ss:Type="String">1.320</Data></Cell><Cell ss:StyleID="s22"><Data ss:Type="String">2.290</Data></Cell><Cell ss:StyleID="s22"><Data ss:Type="String">5.350</Data></Cell><Cell ss:StyleID="s22"><Data ss:Type="String">5.350</Data></Cell><Cell ss:StyleID="s22"><Data ss:Type="String"></Data></Cell><Cell ss:StyleID="s22"><Data ss:Type="String"></Data></Cell></Row><Row><Cell ss:StyleID="s32"><Data ss:Type="String">brazil</Data></Cell><Cell ss:StyleID="s22"><Data ss:Type="String">3.333</Data></Cell><Cell ss:StyleID="s22"><Data ss:Type="String">0.667</Data></Cell><Cell ss:StyleID="s22"><Data ss:Type="String">2.780</Data></Cell><Cell ss:StyleID="s22"><Data ss:Type="String">2.780</Data></Cell><Cell ss:StyleID="s22"><Data ss:Type="String">2.980</Data></Cell><Cell ss:StyleID="s22"><Data ss:Type="String">4.560</Data></Cell><Cell ss:StyleID="s22"><Data ss:Type="String">4.560</Data></Cell><Cell ss:StyleID="s22"><Data ss:Type="String"></Data></Cell><Cell ss:StyleID="s22"><Data ss:Type="String"></Data></Cell></Row><Row><Cell ss:StyleID="s32"><Data ss:Type="String">brunei</Data></Cell><Cell ss:StyleID="s22"><Data ss:Type="String">3.827</Data></Cell><Cell ss:StyleID="s22"><Data ss:Type="String">1.818</Data></Cell><Cell ss:StyleID="s22"><Data ss:Type="String">2.240</Data></Cell><Cell ss:StyleID="s22"><Data ss:Type="String">2.240</Data></Cell><Cell ss:StyleID="s22"><Data ss:Type="String">3.430</Data></Cell><Cell ss:StyleID="s22"><Data ss:Type="String">5.810</Data></Cell><Cell ss:StyleID="s22"><Data ss:Type="String">5.810</Data></Cell><Cell ss:StyleID="s22"><Data ss:Type="String"></Data></Cell><Cell ss:StyleID="s22"><Data ss:Type="String"></Data></Cell></Row><Row><Cell ss:StyleID="s32"><Data ss:Type="String">bulgaria</Data></Cell><Cell ss:StyleID="s22"><Data ss:Type="String">7.502</Data></Cell><Cell ss:StyleID="s22"><Data ss:Type="String">1.579</Data></Cell><Cell ss:StyleID="s22"><Data ss:Type="String">5.060</Data></Cell><Cell ss:StyleID="s22"><Data ss:Type="String">5.570</Data></Cell><Cell ss:StyleID="s22"><Data ss:Type="String">7.190</Data></Cell><Cell ss:StyleID="s22"><Data ss:Type="String">9.625</Data></Cell><Cell ss:StyleID="s22"><Data ss:Type="String">9.740</Data></Cell><Cell ss:StyleID="s22"><Data ss:Type="String"></Data></Cell><Cell ss:StyleID="s22"><Data ss:Type="String"></Data></Cell></Row><Row><Cell ss:StyleID="s32"><Data ss:Type="String">burundi</Data></Cell><Cell ss:StyleID="s22"><Data ss:Type="String">1.230</Data></Cell><Cell ss:StyleID="s22"><Data ss:Type="String">.</Data></Cell><Cell ss:StyleID="s22"><Data ss:Type="String">1.230</Data></Cell><Cell ss:StyleID="s22"><Data ss:Type="String">1.230</Data></Cell><Cell ss:StyleID="s22"><Data ss:Type="String">1.230</Data></Cell><Cell ss:StyleID="s22"><Data ss:Type="String">1.230</Data></Cell><Cell ss:StyleID="s22"><Data ss:Type="String">1.230</Data></Cell><Cell ss:StyleID="s22"><Data ss:Type="String"></Data></Cell><Cell ss:StyleID="s22"><Data ss:Type="String"></Data></Cell></Row><Row><Cell ss:StyleID="s32"><Data ss:Type="String">cameroon</Data></Cell><Cell ss:StyleID="s22"><Data ss:Type="String">1.929</Data></Cell><Cell ss:StyleID="s22"><Data ss:Type="String">0.704</Data></Cell><Cell ss:StyleID="s22"><Data ss:Type="String">1.250</Data></Cell><Cell ss:StyleID="s22"><Data ss:Type="String">1.250</Data></Cell><Cell ss:StyleID="s22"><Data ss:Type="String">1.730</Data></Cell><Cell ss:StyleID="s22"><Data ss:Type="String">3.170</Data></Cell><Cell ss:StyleID="s22"><Data ss:Type="String">3.170</Data></Cell><Cell ss:StyleID="s22"><Data ss:Type="String"></Data></Cell><Cell ss:StyleID="s22"><Data ss:Type="String"></Data></Cell></Row><Row><Cell ss:StyleID="s32"><Data ss:Type="String">canada</Data></Cell><Cell ss:StyleID="s22"><Data ss:Type="String">9.836</Data></Cell><Cell ss:StyleID="s22"><Data ss:Type="String">1.209</Data></Cell><Cell ss:StyleID="s22"><Data ss:Type="String">8.070</Data></Cell><Cell ss:StyleID="s22"><Data ss:Type="String">8.070</Data></Cell><Cell ss:StyleID="s22"><Data ss:Type="String">10.23</Data></Cell><Cell ss:StyleID="s22"><Data ss:Type="String">11.43</Data></Cell><Cell ss:StyleID="s22"><Data ss:Type="String">11.43</Data></Cell><Cell ss:StyleID="s22"><Data ss:Type="String"></Data></Cell><Cell ss:StyleID="s22"><Data ss:Type="String"></Data></Cell></Row><Row><Cell ss:StyleID="s32"><Data ss:Type="String">central</Data></Cell><Cell ss:StyleID="s22"><Data ss:Type="String">afr.</Data></Cell><Cell ss:StyleID="s22"><Data ss:Type="String">r.</Data></Cell><Cell ss:StyleID="s22"><Data ss:Type="String">1.042</Data></Cell><Cell ss:StyleID="s22"><Data ss:Type="String">0.734</Data></Cell><Cell ss:StyleID="s22"><Data ss:Type="String">0.380</Data></Cell><Cell ss:StyleID="s22"><Data ss:Type="String">0.380</Data></Cell><Cell ss:StyleID="s22"><Data ss:Type="String">0.740</Data></Cell><Cell ss:StyleID="s22"><Data ss:Type="String">2.110</Data></Cell><Cell ss:StyleID="s22"><Data ss:Type="String">2.110</Data></Cell></Row><Row><Cell ss:StyleID="s32"><Data ss:Type="String">chile</Data></Cell><Cell ss:StyleID="s22"><Data ss:Type="String">5.976</Data></Cell><Cell ss:StyleID="s22"><Data ss:Type="String">1.190</Data></Cell><Cell ss:StyleID="s22"><Data ss:Type="String">4.410</Data></Cell><Cell ss:StyleID="s22"><Data ss:Type="String">4.590</Data></Cell><Cell ss:StyleID="s22"><Data ss:Type="String">5.755</Data></Cell><Cell ss:StyleID="s22"><Data ss:Type="String">7.710</Data></Cell><Cell ss:StyleID="s22"><Data ss:Type="String">7.890</Data></Cell><Cell ss:StyleID="s22"><Data ss:Type="String"></Data></Cell><Cell ss:StyleID="s22"><Data ss:Type="String"></Data></Cell></Row><Row><Cell ss:StyleID="s32"><Data ss:Type="String">china</Data></Cell><Cell ss:StyleID="s22"><Data ss:Type="String">4.602</Data></Cell><Cell ss:StyleID="s22"><Data ss:Type="String">1.009</Data></Cell><Cell ss:StyleID="s22"><Data ss:Type="String">3.400</Data></Cell><Cell ss:StyleID="s22"><Data ss:Type="String">3.400</Data></Cell><Cell ss:StyleID="s22"><Data ss:Type="String">4.690</Data></Cell><Cell ss:StyleID="s22"><Data ss:Type="String">5.740</Data></Cell><Cell ss:StyleID="s22"><Data ss:Type="String">5.740</Data></Cell><Cell ss:StyleID="s22"><Data ss:Type="String"></Data></Cell><Cell ss:StyleID="s22"><Data ss:Type="String"></Data></Cell></Row><Row><Cell ss:StyleID="s32"><Data ss:Type="String">colombia</Data></Cell><Cell ss:StyleID="s22"><Data ss:Type="String">3.686</Data></Cell><Cell ss:StyleID="s22"><Data ss:Type="String">0.937</Data></Cell><Cell ss:StyleID="s22"><Data ss:Type="String">2.240</Data></Cell><Cell ss:StyleID="s22"><Data ss:Type="String">2.485</Data></Cell><Cell ss:StyleID="s22"><Data ss:Type="String">3.960</Data></Cell><Cell ss:StyleID="s22"><Data ss:Type="String">4.845</Data></Cell><Cell ss:StyleID="s22"><Data ss:Type="String">5.010</Data></Cell><Cell ss:StyleID="s22"><Data ss:Type="String"></Data></Cell><Cell ss:StyleID="s22"><Data ss:Type="String"></Data></Cell></Row><Row><Cell ss:StyleID="s32"><Data ss:Type="String">congo</Data></Cell><Cell ss:StyleID="s22"><Data ss:Type="String">3.420</Data></Cell><Cell ss:StyleID="s22"><Data ss:Type="String">1.073</Data></Cell><Cell ss:StyleID="s22"><Data ss:Type="String">1.930</Data></Cell><Cell ss:StyleID="s22"><Data ss:Type="String">1.930</Data></Cell><Cell ss:StyleID="s22"><Data ss:Type="String">3.595</Data></Cell><Cell ss:StyleID="s22"><Data ss:Type="String">4.680</Data></Cell><Cell ss:StyleID="s22"><Data ss:Type="String">4.680</Data></Cell><Cell ss:StyleID="s22"><Data ss:Type="String"></Data></Cell><Cell ss:StyleID="s22"><Data ss:Type="String"></Data></Cell></Row><Row><Cell ss:StyleID="s32"><Data ss:Type="String">costa</Data></Cell><Cell ss:StyleID="s22"><Data ss:Type="String">rica</Data></Cell><Cell ss:StyleID="s22"><Data ss:Type="String">4.658</Data></Cell><Cell ss:StyleID="s22"><Data ss:Type="String">0.949</Data></Cell><Cell ss:StyleID="s22"><Data ss:Type="String">3.500</Data></Cell><Cell ss:StyleID="s22"><Data ss:Type="String">3.555</Data></Cell><Cell ss:StyleID="s22"><Data ss:Type="String">4.590</Data></Cell><Cell ss:StyleID="s22"><Data ss:Type="String">5.915</Data></Cell><Cell ss:StyleID="s22"><Data ss:Type="String">6.010</Data></Cell><Cell ss:StyleID="s22"><Data ss:Type="String"></Data></Cell></Row><Row><Cell ss:StyleID="s32"><Data ss:Type="String">croatia</Data></Cell><Cell ss:StyleID="s22"><Data ss:Type="String">6.253</Data></Cell><Cell ss:StyleID="s22"><Data ss:Type="String">0.251</Data></Cell><Cell ss:StyleID="s22"><Data ss:Type="String">5.990</Data></Cell><Cell ss:StyleID="s22"><Data ss:Type="String">5.990</Data></Cell><Cell ss:StyleID="s22"><Data ss:Type="String">6.280</Data></Cell><Cell ss:StyleID="s22"><Data ss:Type="String">6.490</Data></Cell><Cell ss:StyleID="s22"><Data ss:Type="String">6.490</Data></Cell><Cell ss:StyleID="s22"><Data ss:Type="String"></Data></Cell><Cell ss:StyleID="s22"><Data ss:Type="String"></Data></Cell></Row><Row><Cell ss:StyleID="s32"><Data ss:Type="String">cuba</Data></Cell><Cell ss:StyleID="s22"><Data ss:Type="String">5.506</Data></Cell><Cell ss:StyleID="s22"><Data ss:Type="String">1.576</Data></Cell><Cell ss:StyleID="s22"><Data ss:Type="String">3.630</Data></Cell><Cell ss:StyleID="s22"><Data ss:Type="String">3.640</Data></Cell><Cell ss:StyleID="s22"><Data ss:Type="String">5.505</Data></Cell><Cell ss:StyleID="s22"><Data ss:Type="String">7.595</Data></Cell><Cell ss:StyleID="s22"><Data ss:Type="String">7.780</Data></Cell><Cell ss:StyleID="s22"><Data ss:Type="String"></Data></Cell><Cell ss:StyleID="s22"><Data ss:Type="String"></Data></Cell></Row><Row><Cell ss:StyleID="s32"><Data ss:Type="String">cyprus</Data></Cell><Cell ss:StyleID="s22"><Data ss:Type="String">6.712</Data></Cell><Cell ss:StyleID="s22"><Data ss:Type="String">1.813</Data></Cell><Cell ss:StyleID="s22"><Data ss:Type="String">4.290</Data></Cell><Cell ss:StyleID="s22"><Data ss:Type="String">4.290</Data></Cell><Cell ss:StyleID="s22"><Data ss:Type="String">6.530</Data></Cell><Cell ss:StyleID="s22"><Data ss:Type="String">8.770</Data></Cell><Cell ss:StyleID="s22"><Data ss:Type="String">8.770</Data></Cell><Cell ss:StyleID="s22"><Data ss:Type="String"></Data></Cell><Cell ss:StyleID="s22"><Data ss:Type="String"></Data></Cell></Row><Row><Cell ss:StyleID="s32"><Data ss:Type="String">czech</Data></Cell><Cell ss:StyleID="s22"><Data ss:Type="String">9.380</Data></Cell><Cell ss:StyleID="s22"><Data ss:Type="String">0.0854</Data></Cell><Cell ss:StyleID="s22"><Data ss:Type="String">9.290</Data></Cell><Cell ss:StyleID="s22"><Data ss:Type="String">9.290</Data></Cell><Cell ss:StyleID="s22"><Data ss:Type="String">9.390</Data></Cell><Cell ss:StyleID="s22"><Data ss:Type="String">9.460</Data></Cell><Cell ss:StyleID="s22"><Data ss:Type="String">9.460</Data></Cell><Cell ss:StyleID="s22"><Data ss:Type="String"></Data></Cell><Cell ss:StyleID="s22"><Data ss:Type="String"></Data></Cell></Row><Row><Cell ss:StyleID="s32"><Data ss:Type="String">czechoslovakia</Data></Cell><Cell ss:StyleID="s22"><Data ss:Type="String">8.681</Data></Cell><Cell ss:StyleID="s22"><Data ss:Type="String">1.167</Data></Cell><Cell ss:StyleID="s22"><Data ss:Type="String">7.170</Data></Cell><Cell ss:StyleID="s22"><Data ss:Type="String">7.170</Data></Cell><Cell ss:StyleID="s22"><Data ss:Type="String">8.730</Data></Cell><Cell ss:StyleID="s22"><Data ss:Type="String">10.35</Data></Cell><Cell ss:StyleID="s22"><Data ss:Type="String">10.35</Data></Cell><Cell ss:StyleID="s22"><Data ss:Type="String"></Data></Cell><Cell ss:StyleID="s22"><Data ss:Type="String"></Data></Cell></Row><Row><Cell ss:StyleID="s32"><Data ss:Type="String">denmark</Data></Cell><Cell ss:StyleID="s22"><Data ss:Type="String">9.356</Data></Cell><Cell ss:StyleID="s22"><Data ss:Type="String">0.541</Data></Cell><Cell ss:StyleID="s22"><Data ss:Type="String">8.780</Data></Cell><Cell ss:StyleID="s22"><Data ss:Type="String">8.780</Data></Cell><Cell ss:StyleID="s22"><Data ss:Type="String">9.160</Data></Cell><Cell ss:StyleID="s22"><Data ss:Type="String">10.13</Data></Cell><Cell ss:StyleID="s22"><Data ss:Type="String">10.13</Data></Cell><Cell ss:StyleID="s22"><Data ss:Type="String"></Data></Cell><Cell ss:StyleID="s22"><Data ss:Type="String"></Data></Cell></Row><Row><Cell ss:StyleID="s32"><Data ss:Type="String">dominica</Data></Cell><Cell ss:StyleID="s22"><Data ss:Type="String">4.270</Data></Cell><Cell ss:StyleID="s22"><Data ss:Type="String">0.382</Data></Cell><Cell ss:StyleID="s22"><Data ss:Type="String">4</Data></Cell><Cell ss:StyleID="s22"><Data ss:Type="String">4</Data></Cell><Cell ss:StyleID="s22"><Data ss:Type="String">4.270</Data></Cell><Cell ss:StyleID="s22"><Data ss:Type="String">4.540</Data></Cell><Cell ss:StyleID="s22"><Data ss:Type="String">4.540</Data></Cell><Cell ss:StyleID="s22"><Data ss:Type="String"></Data></Cell><Cell ss:StyleID="s22"><Data ss:Type="String"></Data></Cell></Row><Row><Cell ss:StyleID="s32"><Data ss:Type="String">dominican</Data></Cell><Cell ss:StyleID="s22"><Data ss:Type="String">rep.</Data></Cell><Cell ss:StyleID="s22"><Data ss:Type="String">3.571</Data></Cell><Cell ss:StyleID="s22"><Data ss:Type="String">1.041</Data></Cell><Cell ss:StyleID="s22"><Data ss:Type="String">2.270</Data></Cell><Cell ss:StyleID="s22"><Data ss:Type="String">2.270</Data></Cell><Cell ss:StyleID="s22"><Data ss:Type="String">3.360</Data></Cell><Cell ss:StyleID="s22"><Data ss:Type="String">5.170</Data></Cell><Cell ss:StyleID="s22"><Data ss:Type="String">5.170</Data></Cell><Cell ss:StyleID="s22"><Data ss:Type="String"></Data></Cell></Row><Row><Cell ss:StyleID="s32"><Data ss:Type="String">ecuador</Data></Cell><Cell ss:StyleID="s22"><Data ss:Type="String">4.509</Data></Cell><Cell ss:StyleID="s22"><Data ss:Type="String">1.576</Data></Cell><Cell ss:StyleID="s22"><Data ss:Type="String">2.360</Data></Cell><Cell ss:StyleID="s22"><Data ss:Type="String">2.655</Data></Cell><Cell ss:StyleID="s22"><Data ss:Type="String">4.695</Data></Cell><Cell ss:StyleID="s22"><Data ss:Type="String">6.385</Data></Cell><Cell ss:StyleID="s22"><Data ss:Type="String">6.520</Data></Cell><Cell ss:StyleID="s22"><Data ss:Type="String"></Data></Cell><Cell ss:StyleID="s22"><Data ss:Type="String"></Data></Cell></Row><Row><Cell ss:StyleID="s32"><Data ss:Type="String">egypt</Data></Cell><Cell ss:StyleID="s22"><Data ss:Type="String">3.220</Data></Cell><Cell ss:StyleID="s22"><Data ss:Type="String">1.358</Data></Cell><Cell ss:StyleID="s22"><Data ss:Type="String">1.320</Data></Cell><Cell ss:StyleID="s22"><Data ss:Type="String">1.320</Data></Cell><Cell ss:StyleID="s22"><Data ss:Type="String">3.250</Data></Cell><Cell ss:StyleID="s22"><Data ss:Type="String">5.050</Data></Cell><Cell ss:StyleID="s22"><Data ss:Type="String">5.050</Data></Cell><Cell ss:StyleID="s22"><Data ss:Type="String"></Data></Cell><Cell ss:StyleID="s22"><Data ss:Type="String"></Data></Cell></Row><Row><Cell ss:StyleID="s32"><Data ss:Type="String">el</Data></Cell><Cell ss:StyleID="s22"><Data ss:Type="String">salvador</Data></Cell><Cell ss:StyleID="s22"><Data ss:Type="String">2.863</Data></Cell><Cell ss:StyleID="s22"><Data ss:Type="String">1.062</Data></Cell><Cell ss:StyleID="s22"><Data ss:Type="String">1.420</Data></Cell><Cell ss:StyleID="s22"><Data ss:Type="String">1.560</Data></Cell><Cell ss:StyleID="s22"><Data ss:Type="String">2.935</Data></Cell><Cell ss:StyleID="s22"><Data ss:Type="String">4.275</Data></Cell><Cell ss:StyleID="s22"><Data ss:Type="String">4.500</Data></Cell><Cell ss:StyleID="s22"><Data ss:Type="String"></Data></Cell></Row><Row><Cell ss:StyleID="s32"><Data ss:Type="String">estonia</Data></Cell><Cell ss:StyleID="s22"><Data ss:Type="String">9.170</Data></Cell><Cell ss:StyleID="s22"><Data ss:Type="String">.</Data></Cell><Cell ss:StyleID="s22"><Data ss:Type="String">9.170</Data></Cell><Cell ss:StyleID="s22"><Data ss:Type="String">9.170</Data></Cell><Cell ss:StyleID="s22"><Data ss:Type="String">9.170</Data></Cell><Cell ss:StyleID="s22"><Data ss:Type="String">9.170</Data></Cell><Cell ss:StyleID="s22"><Data ss:Type="String">9.170</Data></Cell><Cell ss:StyleID="s22"><Data ss:Type="String"></Data></Cell><Cell ss:StyleID="s22"><Data ss:Type="String"></Data></Cell></Row><Row><Cell ss:StyleID="s32"><Data ss:Type="String">ethiopia</Data></Cell><Cell ss:StyleID="s22"><Data ss:Type="String">1.150</Data></Cell><Cell ss:StyleID="s22"><Data ss:Type="String">.</Data></Cell><Cell ss:StyleID="s22"><Data ss:Type="String">1.150</Data></Cell><Cell ss:StyleID="s22"><Data ss:Type="String">1.150</Data></Cell><Cell ss:StyleID="s22"><Data ss:Type="String">1.150</Data></Cell><Cell ss:StyleID="s22"><Data ss:Type="String">1.150</Data></Cell><Cell ss:StyleID="s22"><Data ss:Type="String">1.150</Data></Cell><Cell ss:StyleID="s22"><Data ss:Type="String"></Data></Cell><Cell ss:StyleID="s22"><Data ss:Type="String"></Data></Cell></Row><Row><Cell ss:StyleID="s32"><Data ss:Type="String">fiji</Data></Cell><Cell ss:StyleID="s22"><Data ss:Type="String">6.199</Data></Cell><Cell ss:StyleID="s22"><Data ss:Type="String">1.281</Data></Cell><Cell ss:StyleID="s22"><Data ss:Type="String">4.670</Data></Cell><Cell ss:StyleID="s22"><Data ss:Type="String">4.670</Data></Cell><Cell ss:StyleID="s22"><Data ss:Type="String">6.010</Data></Cell><Cell ss:StyleID="s22"><Data ss:Type="String">7.960</Data></Cell><Cell ss:StyleID="s22"><Data ss:Type="String">7.960</Data></Cell><Cell ss:StyleID="s22"><Data ss:Type="String"></Data></Cell><Cell ss:StyleID="s22"><Data ss:Type="String"></Data></Cell></Row><Row><Cell ss:StyleID="s32"><Data ss:Type="String">finland</Data></Cell><Cell ss:StyleID="s22"><Data ss:Type="String">7.844</Data></Cell><Cell ss:StyleID="s22"><Data ss:Type="String">1.756</Data></Cell><Cell ss:StyleID="s22"><Data ss:Type="String">5.370</Data></Cell><Cell ss:StyleID="s22"><Data ss:Type="String">5.370</Data></Cell><Cell ss:StyleID="s22"><Data ss:Type="String">7.950</Data></Cell><Cell ss:StyleID="s22"><Data ss:Type="String">10.14</Data></Cell><Cell ss:StyleID="s22"><Data ss:Type="String">10.14</Data></Cell><Cell ss:StyleID="s22"><Data ss:Type="String"></Data></Cell><Cell ss:StyleID="s22"><Data ss:Type="String"></Data></Cell></Row><Row><Cell ss:StyleID="s32"><Data ss:Type="String">france</Data></Cell><Cell ss:StyleID="s22"><Data ss:Type="String">6.837</Data></Cell><Cell ss:StyleID="s22"><Data ss:Type="String">0.995</Data></Cell><Cell ss:StyleID="s22"><Data ss:Type="String">5.780</Data></Cell><Cell ss:StyleID="s22"><Data ss:Type="String">5.780</Data></Cell><Cell ss:StyleID="s22"><Data ss:Type="String">6.770</Data></Cell><Cell ss:StyleID="s22"><Data ss:Type="String">8.370</Data></Cell><Cell ss:StyleID="s22"><Data ss:Type="String">8.370</Data></Cell><Cell ss:StyleID="s22"><Data ss:Type="String"></Data></Cell><Cell ss:StyleID="s22"><Data ss:Type="String"></Data></Cell></Row><Row><Cell ss:StyleID="s32"><Data ss:Type="String">gambia</Data></Cell><Cell ss:StyleID="s22"><Data ss:Type="String">1.038</Data></Cell><Cell ss:StyleID="s22"><Data ss:Type="String">0.519</Data></Cell><Cell ss:StyleID="s22"><Data ss:Type="String">0.500</Data></Cell><Cell ss:StyleID="s22"><Data ss:Type="String">0.500</Data></Cell><Cell ss:StyleID="s22"><Data ss:Type="String">0.905</Data></Cell><Cell ss:StyleID="s22"><Data ss:Type="String">1.860</Data></Cell><Cell ss:StyleID="s22"><Data ss:Type="String">1.860</Data></Cell><Cell ss:StyleID="s22"><Data ss:Type="String"></Data></Cell><Cell ss:StyleID="s22"><Data ss:Type="String"></Data></Cell></Row><Row><Cell ss:StyleID="s32"><Data ss:Type="String">germany,</Data></Cell><Cell ss:StyleID="s22"><Data ss:Type="String">east</Data></Cell><Cell ss:StyleID="s22"><Data ss:Type="String">9.297</Data></Cell><Cell ss:StyleID="s22"><Data ss:Type="String">0.755</Data></Cell><Cell ss:StyleID="s22"><Data ss:Type="String">8.590</Data></Cell><Cell ss:StyleID="s22"><Data ss:Type="String">8.590</Data></Cell><Cell ss:StyleID="s22"><Data ss:Type="String">8.800</Data></Cell><Cell ss:StyleID="s22"><Data ss:Type="String">10.17</Data></Cell><Cell ss:StyleID="s22"><Data ss:Type="String">10.17</Data></Cell><Cell ss:StyleID="s22"><Data ss:Type="String"></Data></Cell></Row><Row><Cell ss:StyleID="s32"><Data ss:Type="String">germany,</Data></Cell><Cell ss:StyleID="s22"><Data ss:Type="String">united</Data></Cell><Cell ss:StyleID="s22"><Data ss:Type="String">9.600</Data></Cell><Cell ss:StyleID="s22"><Data ss:Type="String">0.137</Data></Cell><Cell ss:StyleID="s22"><Data ss:Type="String">9.480</Data></Cell><Cell ss:StyleID="s22"><Data ss:Type="String">9.480</Data></Cell><Cell ss:StyleID="s22"><Data ss:Type="String">9.570</Data></Cell><Cell ss:StyleID="s22"><Data ss:Type="String">9.750</Data></Cell><Cell ss:StyleID="s22"><Data ss:Type="String">9.750</Data></Cell><Cell ss:StyleID="s22"><Data ss:Type="String"></Data></Cell></Row><Row><Cell ss:StyleID="s32"><Data ss:Type="String">germany,</Data></Cell><Cell ss:StyleID="s22"><Data ss:Type="String">west</Data></Cell><Cell ss:StyleID="s22"><Data ss:Type="String">8.426</Data></Cell><Cell ss:StyleID="s22"><Data ss:Type="String">0.460</Data></Cell><Cell ss:StyleID="s22"><Data ss:Type="String">7.730</Data></Cell><Cell ss:StyleID="s22"><Data ss:Type="String">7.730</Data></Cell><Cell ss:StyleID="s22"><Data ss:Type="String">8.280</Data></Cell><Cell ss:StyleID="s22"><Data ss:Type="String">9.060</Data></Cell><Cell ss:StyleID="s22"><Data ss:Type="String">9.060</Data></Cell><Cell ss:StyleID="s22"><Data ss:Type="String"></Data></Cell></Row><Row><Cell ss:StyleID="s32"><Data ss:Type="String">ghana</Data></Cell><Cell ss:StyleID="s22"><Data ss:Type="String">2.442</Data></Cell><Cell ss:StyleID="s22"><Data ss:Type="String">1.173</Data></Cell><Cell ss:StyleID="s22"><Data ss:Type="String">0.690</Data></Cell><Cell ss:StyleID="s22"><Data ss:Type="String">0.690</Data></Cell><Cell ss:StyleID="s22"><Data ss:Type="String">2.350</Data></Cell><Cell ss:StyleID="s22"><Data ss:Type="String">4.010</Data></Cell><Cell ss:StyleID="s22"><Data ss:Type="String">4.010</Data></Cell><Cell ss:StyleID="s22"><Data ss:Type="String"></Data></Cell><Cell ss:StyleID="s22"><Data ss:Type="String"></Data></Cell></Row><Row><Cell ss:StyleID="s32"><Data ss:Type="String">greece</Data></Cell><Cell ss:StyleID="s22"><Data ss:Type="String">6.190</Data></Cell><Cell ss:StyleID="s22"><Data ss:Type="String">1.600</Data></Cell><Cell ss:StyleID="s22"><Data ss:Type="String">3.720</Data></Cell><Cell ss:StyleID="s22"><Data ss:Type="String">4.180</Data></Cell><Cell ss:StyleID="s22"><Data ss:Type="String">6.115</Data></Cell><Cell ss:StyleID="s22"><Data ss:Type="String">8.280</Data></Cell><Cell ss:StyleID="s22"><Data ss:Type="String">8.510</Data></Cell><Cell ss:StyleID="s22"><Data ss:Type="String"></Data></Cell><Cell ss:StyleID="s22"><Data ss:Type="String"></Data></Cell></Row><Row><Cell ss:StyleID="s32"><Data ss:Type="String">guatemala</Data></Cell><Cell ss:StyleID="s22"><Data ss:Type="String">2.046</Data></Cell><Cell ss:StyleID="s22"><Data ss:Type="String">0.684</Data></Cell><Cell ss:StyleID="s22"><Data ss:Type="String">1.210</Data></Cell><Cell ss:StyleID="s22"><Data ss:Type="String">1.320</Data></Cell><Cell ss:StyleID="s22"><Data ss:Type="String">1.975</Data></Cell><Cell ss:StyleID="s22"><Data ss:Type="String">2.955</Data></Cell><Cell ss:StyleID="s22"><Data ss:Type="String">3.120</Data></Cell><Cell ss:StyleID="s22"><Data ss:Type="String"></Data></Cell><Cell ss:StyleID="s22"><Data ss:Type="String"></Data></Cell></Row><Row><Cell ss:StyleID="s32"><Data ss:Type="String">guyana</Data></Cell><Cell ss:StyleID="s22"><Data ss:Type="String">4.741</Data></Cell><Cell ss:StyleID="s22"><Data ss:Type="String">0.914</Data></Cell><Cell ss:StyleID="s22"><Data ss:Type="String">3.500</Data></Cell><Cell ss:StyleID="s22"><Data ss:Type="String">3.500</Data></Cell><Cell ss:StyleID="s22"><Data ss:Type="String">4.710</Data></Cell><Cell ss:StyleID="s22"><Data ss:Type="String">6.050</Data></Cell><Cell ss:StyleID="s22"><Data ss:Type="String">6.050</Data></Cell><Cell ss:StyleID="s22"><Data ss:Type="String"></Data></Cell><Cell ss:StyleID="s22"><Data ss:Type="String"></Data></Cell></Row><Row><Cell ss:StyleID="s32"><Data ss:Type="String">haiti</Data></Cell><Cell ss:StyleID="s22"><Data ss:Type="String">1.525</Data></Cell><Cell ss:StyleID="s22"><Data ss:Type="String">0.843</Data></Cell><Cell ss:StyleID="s22"><Data ss:Type="String">0.560</Data></Cell><Cell ss:StyleID="s22"><Data ss:Type="String">0.630</Data></Cell><Cell ss:StyleID="s22"><Data ss:Type="String">1.260</Data></Cell><Cell ss:StyleID="s22"><Data ss:Type="String">2.615</Data></Cell><Cell ss:StyleID="s22"><Data ss:Type="String">2.670</Data></Cell><Cell ss:StyleID="s22"><Data ss:Type="String"></Data></Cell><Cell ss:StyleID="s22"><Data ss:Type="String"></Data></Cell></Row><Row><Cell ss:StyleID="s32"><Data ss:Type="String">honduras</Data></Cell><Cell ss:StyleID="s22"><Data ss:Type="String">2.744</Data></Cell><Cell ss:StyleID="s22"><Data ss:Type="String">1.038</Data></Cell><Cell ss:StyleID="s22"><Data ss:Type="String">1.670</Data></Cell><Cell ss:StyleID="s22"><Data ss:Type="String">1.670</Data></Cell><Cell ss:StyleID="s22"><Data ss:Type="String">2.330</Data></Cell><Cell ss:StyleID="s22"><Data ss:Type="String">4.080</Data></Cell><Cell ss:StyleID="s22"><Data ss:Type="String">4.080</Data></Cell><Cell ss:StyleID="s22"><Data ss:Type="String"></Data></Cell><Cell ss:StyleID="s22"><Data ss:Type="String"></Data></Cell></Row><Row><Cell ss:StyleID="s32"><Data ss:Type="String">hong</Data></Cell><Cell ss:StyleID="s22"><Data ss:Type="String">kong</Data></Cell><Cell ss:StyleID="s22"><Data ss:Type="String">6.869</Data></Cell><Cell ss:StyleID="s22"><Data ss:Type="String">1.886</Data></Cell><Cell ss:StyleID="s22"><Data ss:Type="String">4.740</Data></Cell><Cell ss:StyleID="s22"><Data ss:Type="String">4.740</Data></Cell><Cell ss:StyleID="s22"><Data ss:Type="String">6.730</Data></Cell><Cell ss:StyleID="s22"><Data ss:Type="String">9.470</Data></Cell><Cell ss:StyleID="s22"><Data ss:Type="String">9.470</Data></Cell><Cell ss:StyleID="s22"><Data ss:Type="String"></Data></Cell></Row><Row><Cell ss:StyleID="s32"><Data ss:Type="String">hungary</Data></Cell><Cell ss:StyleID="s22"><Data ss:Type="String">8.056</Data></Cell><Cell ss:StyleID="s22"><Data ss:Type="String">0.787</Data></Cell><Cell ss:StyleID="s22"><Data ss:Type="String">6.650</Data></Cell><Cell ss:StyleID="s22"><Data ss:Type="String">6.650</Data></Cell><Cell ss:StyleID="s22"><Data ss:Type="String">8.200</Data></Cell><Cell ss:StyleID="s22"><Data ss:Type="String">8.810</Data></Cell><Cell ss:StyleID="s22"><Data ss:Type="String">8.810</Data></Cell><Cell ss:StyleID="s22"><Data ss:Type="String"></Data></Cell><Cell ss:StyleID="s22"><Data ss:Type="String"></Data></Cell></Row><Row><Cell ss:StyleID="s32"><Data ss:Type="String">iceland</Data></Cell><Cell ss:StyleID="s22"><Data ss:Type="String">7.123</Data></Cell><Cell ss:StyleID="s22"><Data ss:Type="String">1.108</Data></Cell><Cell ss:StyleID="s22"><Data ss:Type="String">5.630</Data></Cell><Cell ss:StyleID="s22"><Data ss:Type="String">5.630</Data></Cell><Cell ss:StyleID="s22"><Data ss:Type="String">7.110</Data></Cell><Cell ss:StyleID="s22"><Data ss:Type="String">8.750</Data></Cell><Cell ss:StyleID="s22"><Data ss:Type="String">8.750</Data></Cell><Cell ss:StyleID="s22"><Data ss:Type="String"></Data></Cell><Cell ss:StyleID="s22"><Data ss:Type="String"></Data></Cell></Row><Row><Cell ss:StyleID="s32"><Data ss:Type="String">india</Data></Cell><Cell ss:StyleID="s22"><Data ss:Type="String">2.851</Data></Cell><Cell ss:StyleID="s22"><Data ss:Type="String">1.180</Data></Cell><Cell ss:StyleID="s22"><Data ss:Type="String">1.450</Data></Cell><Cell ss:StyleID="s22"><Data ss:Type="String">1.450</Data></Cell><Cell ss:StyleID="s22"><Data ss:Type="String">2.720</Data></Cell><Cell ss:StyleID="s22"><Data ss:Type="String">4.770</Data></Cell><Cell ss:StyleID="s22"><Data ss:Type="String">4.770</Data></Cell><Cell ss:StyleID="s22"><Data ss:Type="String"></Data></Cell><Cell ss:StyleID="s22"><Data ss:Type="String"></Data></Cell></Row><Row><Cell ss:StyleID="s32"><Data ss:Type="String">indonesia</Data></Cell><Cell ss:StyleID="s22"><Data ss:Type="String">2.890</Data></Cell><Cell ss:StyleID="s22"><Data ss:Type="String">1.196</Data></Cell><Cell ss:StyleID="s22"><Data ss:Type="String">1.110</Data></Cell><Cell ss:StyleID="s22"><Data ss:Type="String">1.110</Data></Cell><Cell ss:StyleID="s22"><Data ss:Type="String">3.090</Data></Cell><Cell ss:StyleID="s22"><Data ss:Type="String">4.710</Data></Cell><Cell ss:StyleID="s22"><Data ss:Type="String">4.710</Data></Cell><Cell ss:StyleID="s22"><Data ss:Type="String"></Data></Cell><Cell ss:StyleID="s22"><Data ss:Type="String"></Data></Cell></Row><Row><Cell ss:StyleID="s32"><Data ss:Type="String">iran,</Data></Cell><Cell ss:StyleID="s22"><Data ss:Type="String">i.r.</Data></Cell><Cell ss:StyleID="s22"><Data ss:Type="String">of</Data></Cell><Cell ss:StyleID="s22"><Data ss:Type="String">2.102</Data></Cell><Cell ss:StyleID="s22"><Data ss:Type="String">1.493</Data></Cell><Cell ss:StyleID="s22"><Data ss:Type="String">0.460</Data></Cell><Cell ss:StyleID="s22"><Data ss:Type="String">0.545</Data></Cell><Cell ss:StyleID="s22"><Data ss:Type="String">1.710</Data></Cell><Cell ss:StyleID="s22"><Data ss:Type="String">4.320</Data></Cell><Cell ss:StyleID="s22"><Data ss:Type="String">4.660</Data></Cell></Row><Row><Cell ss:StyleID="s32"><Data ss:Type="String">iraq</Data></Cell><Cell ss:StyleID="s22"><Data ss:Type="String">2.046</Data></Cell><Cell ss:StyleID="s22"><Data ss:Type="String">1.533</Data></Cell><Cell ss:StyleID="s22"><Data ss:Type="String">0.210</Data></Cell><Cell ss:StyleID="s22"><Data ss:Type="String">0.210</Data></Cell><Cell ss:StyleID="s22"><Data ss:Type="String">1.830</Data></Cell><Cell ss:StyleID="s22"><Data ss:Type="String">4.340</Data></Cell><Cell ss:StyleID="s22"><Data ss:Type="String">4.340</Data></Cell><Cell ss:StyleID="s22"><Data ss:Type="String"></Data></Cell><Cell ss:StyleID="s22"><Data ss:Type="String"></Data></Cell></Row><Row><Cell ss:StyleID="s32"><Data ss:Type="String">ireland</Data></Cell><Cell ss:StyleID="s22"><Data ss:Type="String">7.544</Data></Cell><Cell ss:StyleID="s22"><Data ss:Type="String">1.055</Data></Cell><Cell ss:StyleID="s22"><Data ss:Type="String">6.450</Data></Cell><Cell ss:StyleID="s22"><Data ss:Type="String">6.450</Data></Cell><Cell ss:StyleID="s22"><Data ss:Type="String">7.600</Data></Cell><Cell ss:StyleID="s22"><Data ss:Type="String">9.020</Data></Cell><Cell ss:StyleID="s22"><Data ss:Type="String">9.020</Data></Cell><Cell ss:StyleID="s22"><Data ss:Type="String"></Data></Cell><Cell ss:StyleID="s22"><Data ss:Type="String"></Data></Cell></Row><Row><Cell ss:StyleID="s32"><Data ss:Type="String">israel</Data></Cell><Cell ss:StyleID="s22"><Data ss:Type="String">8.123</Data></Cell><Cell ss:StyleID="s22"><Data ss:Type="String">1.088</Data></Cell><Cell ss:StyleID="s22"><Data ss:Type="String">6.530</Data></Cell><Cell ss:StyleID="s22"><Data ss:Type="String">6.645</Data></Cell><Cell ss:StyleID="s22"><Data ss:Type="String">8.435</Data></Cell><Cell ss:StyleID="s22"><Data ss:Type="String">9.170</Data></Cell><Cell ss:StyleID="s22"><Data ss:Type="String">9.230</Data></Cell><Cell ss:StyleID="s22"><Data ss:Type="String"></Data></Cell><Cell ss:StyleID="s22"><Data ss:Type="String"></Data></Cell></Row><Row><Cell ss:StyleID="s32"><Data ss:Type="String">italy</Data></Cell><Cell ss:StyleID="s22"><Data ss:Type="String">5.474</Data></Cell><Cell ss:StyleID="s22"><Data ss:Type="String">0.918</Data></Cell><Cell ss:StyleID="s22"><Data ss:Type="String">4.070</Data></Cell><Cell ss:StyleID="s22"><Data ss:Type="String">4.315</Data></Cell><Cell ss:StyleID="s22"><Data ss:Type="String">5.300</Data></Cell><Cell ss:StyleID="s22"><Data ss:Type="String">6.800</Data></Cell><Cell ss:StyleID="s22"><Data ss:Type="String">7</Data></Cell><Cell ss:StyleID="s22"><Data ss:Type="String"></Data></Cell><Cell ss:StyleID="s22"><Data ss:Type="String"></Data></Cell></Row><Row><Cell ss:StyleID="s32"><Data ss:Type="String">jamaica</Data></Cell><Cell ss:StyleID="s22"><Data ss:Type="String">3.751</Data></Cell><Cell ss:StyleID="s22"><Data ss:Type="String">1.014</Data></Cell><Cell ss:StyleID="s22"><Data ss:Type="String">2.460</Data></Cell><Cell ss:StyleID="s22"><Data ss:Type="String">2.460</Data></Cell><Cell ss:StyleID="s22"><Data ss:Type="String">3.600</Data></Cell><Cell ss:StyleID="s22"><Data ss:Type="String">5.220</Data></Cell><Cell ss:StyleID="s22"><Data ss:Type="String">5.220</Data></Cell><Cell ss:StyleID="s22"><Data ss:Type="String"></Data></Cell><Cell ss:StyleID="s22"><Data ss:Type="String"></Data></Cell></Row><Row><Cell ss:StyleID="s32"><Data ss:Type="String">japan</Data></Cell><Cell ss:StyleID="s22"><Data ss:Type="String">8.113</Data></Cell><Cell ss:StyleID="s22"><Data ss:Type="String">1.073</Data></Cell><Cell ss:StyleID="s22"><Data ss:Type="String">6.870</Data></Cell><Cell ss:StyleID="s22"><Data ss:Type="String">6.875</Data></Cell><Cell ss:StyleID="s22"><Data ss:Type="String">7.955</Data></Cell><Cell ss:StyleID="s22"><Data ss:Type="String">9.580</Data></Cell><Cell ss:StyleID="s22"><Data ss:Type="String">9.720</Data></Cell><Cell ss:StyleID="s22"><Data ss:Type="String"></Data></Cell><Cell ss:StyleID="s22"><Data ss:Type="String"></Data></Cell></Row><Row><Cell ss:StyleID="s32"><Data ss:Type="String">jordan</Data></Cell><Cell ss:StyleID="s22"><Data ss:Type="String">3.817</Data></Cell><Cell ss:StyleID="s22"><Data ss:Type="String">2.126</Data></Cell><Cell ss:StyleID="s22"><Data ss:Type="String">1.400</Data></Cell><Cell ss:StyleID="s22"><Data ss:Type="String">1.400</Data></Cell><Cell ss:StyleID="s22"><Data ss:Type="String">2.930</Data></Cell><Cell ss:StyleID="s22"><Data ss:Type="String">7.370</Data></Cell><Cell ss:StyleID="s22"><Data ss:Type="String">7.370</Data></Cell><Cell ss:StyleID="s22"><Data ss:Type="String"></Data></Cell><Cell ss:StyleID="s22"><Data ss:Type="String"></Data></Cell></Row><Row><Cell ss:StyleID="s32"><Data ss:Type="String">kazakhastan</Data></Cell><Cell ss:StyleID="s22"><Data ss:Type="String">9.030</Data></Cell><Cell ss:StyleID="s22"><Data ss:Type="String">.</Data></Cell><Cell ss:StyleID="s22"><Data ss:Type="String">9.030</Data></Cell><Cell ss:StyleID="s22"><Data ss:Type="String">9.030</Data></Cell><Cell ss:StyleID="s22"><Data ss:Type="String">9.030</Data></Cell><Cell ss:StyleID="s22"><Data ss:Type="String">9.030</Data></Cell><Cell ss:StyleID="s22"><Data ss:Type="String">9.030</Data></Cell><Cell ss:StyleID="s22"><Data ss:Type="String"></Data></Cell><Cell ss:StyleID="s22"><Data ss:Type="String"></Data></Cell></Row><Row><Cell ss:StyleID="s32"><Data ss:Type="String">kenya</Data></Cell><Cell ss:StyleID="s22"><Data ss:Type="String">2.299</Data></Cell><Cell ss:StyleID="s22"><Data ss:Type="String">1.033</Data></Cell><Cell ss:StyleID="s22"><Data ss:Type="String">1.190</Data></Cell><Cell ss:StyleID="s22"><Data ss:Type="String">1.190</Data></Cell><Cell ss:StyleID="s22"><Data ss:Type="String">2.380</Data></Cell><Cell ss:StyleID="s22"><Data ss:Type="String">3.990</Data></Cell><Cell ss:StyleID="s22"><Data ss:Type="String">3.990</Data></Cell><Cell ss:StyleID="s22"><Data ss:Type="String"></Data></Cell><Cell ss:StyleID="s22"><Data ss:Type="String"></Data></Cell></Row><Row><Cell ss:StyleID="s32"><Data ss:Type="String">korea</Data></Cell><Cell ss:StyleID="s22"><Data ss:Type="String">6.613</Data></Cell><Cell ss:StyleID="s22"><Data ss:Type="String">2.733</Data></Cell><Cell ss:StyleID="s22"><Data ss:Type="String">3.230</Data></Cell><Cell ss:StyleID="s22"><Data ss:Type="String">3.265</Data></Cell><Cell ss:StyleID="s22"><Data ss:Type="String">6.290</Data></Cell><Cell ss:StyleID="s22"><Data ss:Type="String">10.28</Data></Cell><Cell ss:StyleID="s22"><Data ss:Type="String">10.46</Data></Cell><Cell ss:StyleID="s22"><Data ss:Type="String"></Data></Cell><Cell ss:StyleID="s22"><Data ss:Type="String"></Data></Cell></Row><Row><Cell ss:StyleID="s32"><Data ss:Type="String">kuwait</Data></Cell><Cell ss:StyleID="s22"><Data ss:Type="String">4.451</Data></Cell><Cell ss:StyleID="s22"><Data ss:Type="String">1.814</Data></Cell><Cell ss:StyleID="s22"><Data ss:Type="String">2.410</Data></Cell><Cell ss:StyleID="s22"><Data ss:Type="String">2.410</Data></Cell><Cell ss:StyleID="s22"><Data ss:Type="String">4.290</Data></Cell><Cell ss:StyleID="s22"><Data ss:Type="String">7.050</Data></Cell><Cell ss:StyleID="s22"><Data ss:Type="String">7.050</Data></Cell><Cell ss:StyleID="s22"><Data ss:Type="String"></Data></Cell><Cell ss:StyleID="s22"><Data ss:Type="String"></Data></Cell></Row><Row><Cell ss:StyleID="s32"><Data ss:Type="String">latvia</Data></Cell><Cell ss:StyleID="s22"><Data ss:Type="String">9.540</Data></Cell><Cell ss:StyleID="s22"><Data ss:Type="String">.</Data></Cell><Cell ss:StyleID="s22"><Data ss:Type="String">9.540</Data></Cell><Cell ss:StyleID="s22"><Data ss:Type="String">9.540</Data></Cell><Cell ss:StyleID="s22"><Data ss:Type="String">9.540</Data></Cell><Cell ss:StyleID="s22"><Data ss:Type="String">9.540</Data></Cell><Cell ss:StyleID="s22"><Data ss:Type="String">9.540</Data></Cell><Cell ss:StyleID="s22"><Data ss:Type="String"></Data></Cell><Cell ss:StyleID="s22"><Data ss:Type="String"></Data></Cell></Row><Row><Cell ss:StyleID="s32"><Data ss:Type="String">lesotho</Data></Cell><Cell ss:StyleID="s22"><Data ss:Type="String">3.636</Data></Cell><Cell ss:StyleID="s22"><Data ss:Type="String">0.534</Data></Cell><Cell ss:StyleID="s22"><Data ss:Type="String">3.050</Data></Cell><Cell ss:StyleID="s22"><Data ss:Type="String">3.050</Data></Cell><Cell ss:StyleID="s22"><Data ss:Type="String">3.540</Data></Cell><Cell ss:StyleID="s22"><Data ss:Type="String">4.470</Data></Cell><Cell ss:StyleID="s22"><Data ss:Type="String">4.470</Data></Cell><Cell ss:StyleID="s22"><Data ss:Type="String"></Data></Cell><Cell ss:StyleID="s22"><Data ss:Type="String"></Data></Cell></Row><Row><Cell ss:StyleID="s32"><Data ss:Type="String">liberia</Data></Cell><Cell ss:StyleID="s22"><Data ss:Type="String">1.388</Data></Cell><Cell ss:StyleID="s22"><Data ss:Type="String">0.670</Data></Cell><Cell ss:StyleID="s22"><Data ss:Type="String">0.560</Data></Cell><Cell ss:StyleID="s22"><Data ss:Type="String">0.560</Data></Cell><Cell ss:StyleID="s22"><Data ss:Type="String">1.310</Data></Cell><Cell ss:StyleID="s22"><Data ss:Type="String">2.270</Data></Cell><Cell ss:StyleID="s22"><Data ss:Type="String">2.270</Data></Cell><Cell ss:StyleID="s22"><Data ss:Type="String"></Data></Cell><Cell ss:StyleID="s22"><Data ss:Type="String"></Data></Cell></Row><Row><Cell ss:StyleID="s32"><Data ss:Type="String">libya</Data></Cell><Cell ss:StyleID="s22"><Data ss:Type="String">1.617</Data></Cell><Cell ss:StyleID="s22"><Data ss:Type="String">1.144</Data></Cell><Cell ss:StyleID="s22"><Data ss:Type="String">0.630</Data></Cell><Cell ss:StyleID="s22"><Data ss:Type="String">0.630</Data></Cell><Cell ss:StyleID="s22"><Data ss:Type="String">1.350</Data></Cell><Cell ss:StyleID="s22"><Data ss:Type="String">2.870</Data></Cell><Cell ss:StyleID="s22"><Data ss:Type="String">2.870</Data></Cell><Cell ss:StyleID="s22"><Data ss:Type="String"></Data></Cell><Cell ss:StyleID="s22"><Data ss:Type="String"></Data></Cell></Row><Row><Cell ss:StyleID="s32"><Data ss:Type="String">lithuania</Data></Cell><Cell ss:StyleID="s22"><Data ss:Type="String">9.300</Data></Cell><Cell ss:StyleID="s22"><Data ss:Type="String">.</Data></Cell><Cell ss:StyleID="s22"><Data ss:Type="String">9.300</Data></Cell><Cell ss:StyleID="s22"><Data ss:Type="String">9.300</Data></Cell><Cell ss:StyleID="s22"><Data ss:Type="String">9.300</Data></Cell><Cell ss:StyleID="s22"><Data ss:Type="String">9.300</Data></Cell><Cell ss:StyleID="s22"><Data ss:Type="String">9.300</Data></Cell><Cell ss:StyleID="s22"><Data ss:Type="String"></Data></Cell><Cell ss:StyleID="s22"><Data ss:Type="String"></Data></Cell></Row><Row><Cell ss:StyleID="s32"><Data ss:Type="String">malawi</Data></Cell><Cell ss:StyleID="s22"><Data ss:Type="String">2.217</Data></Cell><Cell ss:StyleID="s22"><Data ss:Type="String">0.441</Data></Cell><Cell ss:StyleID="s22"><Data ss:Type="String">1.600</Data></Cell><Cell ss:StyleID="s22"><Data ss:Type="String">1.600</Data></Cell><Cell ss:StyleID="s22"><Data ss:Type="String">2.410</Data></Cell><Cell ss:StyleID="s22"><Data ss:Type="String">2.600</Data></Cell><Cell ss:StyleID="s22"><Data ss:Type="String">2.600</Data></Cell><Cell ss:StyleID="s22"><Data ss:Type="String"></Data></Cell><Cell ss:StyleID="s22"><Data ss:Type="String"></Data></Cell></Row><Row><Cell ss:StyleID="s32"><Data ss:Type="String">malaysia</Data></Cell><Cell ss:StyleID="s22"><Data ss:Type="String">4.689</Data></Cell><Cell ss:StyleID="s22"><Data ss:Type="String">2.031</Data></Cell><Cell ss:StyleID="s22"><Data ss:Type="String">2.340</Data></Cell><Cell ss:StyleID="s22"><Data ss:Type="String">2.340</Data></Cell><Cell ss:StyleID="s22"><Data ss:Type="String">4.490</Data></Cell><Cell ss:StyleID="s22"><Data ss:Type="String">7.880</Data></Cell><Cell ss:StyleID="s22"><Data ss:Type="String">7.880</Data></Cell><Cell ss:StyleID="s22"><Data ss:Type="String"></Data></Cell><Cell ss:StyleID="s22"><Data ss:Type="String"></Data></Cell></Row><Row><Cell ss:StyleID="s32"><Data ss:Type="String">mali</Data></Cell><Cell ss:StyleID="s22"><Data ss:Type="String">0.409</Data></Cell><Cell ss:StyleID="s22"><Data ss:Type="String">0.236</Data></Cell><Cell ss:StyleID="s22"><Data ss:Type="String">0.170</Data></Cell><Cell ss:StyleID="s22"><Data ss:Type="String">0.170</Data></Cell><Cell ss:StyleID="s22"><Data ss:Type="String">0.370</Data></Cell><Cell ss:StyleID="s22"><Data ss:Type="String">0.760</Data></Cell><Cell ss:StyleID="s22"><Data ss:Type="String">0.760</Data></Cell><Cell ss:StyleID="s22"><Data ss:Type="String"></Data></Cell><Cell ss:StyleID="s22"><Data ss:Type="String"></Data></Cell></Row><Row><Cell ss:StyleID="s32"><Data ss:Type="String">malta</Data></Cell><Cell ss:StyleID="s22"><Data ss:Type="String">5.916</Data></Cell><Cell ss:StyleID="s22"><Data ss:Type="String">1.102</Data></Cell><Cell ss:StyleID="s22"><Data ss:Type="String">3.790</Data></Cell><Cell ss:StyleID="s22"><Data ss:Type="String">4.460</Data></Cell><Cell ss:StyleID="s22"><Data ss:Type="String">5.740</Data></Cell><Cell ss:StyleID="s22"><Data ss:Type="String">7.345</Data></Cell><Cell ss:StyleID="s22"><Data ss:Type="String">7.570</Data></Cell><Cell ss:StyleID="s22"><Data ss:Type="String"></Data></Cell><Cell ss:StyleID="s22"><Data ss:Type="String"></Data></Cell></Row><Row><Cell ss:StyleID="s32"><Data ss:Type="String">mauritania</Data></Cell><Cell ss:StyleID="s22"><Data ss:Type="String">1.940</Data></Cell><Cell ss:StyleID="s22"><Data ss:Type="String">.</Data></Cell><Cell ss:StyleID="s22"><Data ss:Type="String">1.940</Data></Cell><Cell ss:StyleID="s22"><Data ss:Type="String">1.940</Data></Cell><Cell ss:StyleID="s22"><Data ss:Type="String">1.940</Data></Cell><Cell ss:StyleID="s22"><Data ss:Type="String">1.940</Data></Cell><Cell ss:StyleID="s22"><Data ss:Type="String">1.940</Data></Cell><Cell ss:StyleID="s22"><Data ss:Type="String"></Data></Cell><Cell ss:StyleID="s22"><Data ss:Type="String"></Data></Cell></Row><Row><Cell ss:StyleID="s32"><Data ss:Type="String">mauritius</Data></Cell><Cell ss:StyleID="s22"><Data ss:Type="String">3.980</Data></Cell><Cell ss:StyleID="s22"><Data ss:Type="String">1.237</Data></Cell><Cell ss:StyleID="s22"><Data ss:Type="String">2.190</Data></Cell><Cell ss:StyleID="s22"><Data ss:Type="String">2.315</Data></Cell><Cell ss:StyleID="s22"><Data ss:Type="String">4.075</Data></Cell><Cell ss:StyleID="s22"><Data ss:Type="String">5.445</Data></Cell><Cell ss:StyleID="s22"><Data ss:Type="String">5.550</Data></Cell><Cell ss:StyleID="s22"><Data ss:Type="String"></Data></Cell><Cell ss:StyleID="s22"><Data ss:Type="String"></Data></Cell></Row><Row><Cell ss:StyleID="s32"><Data ss:Type="String">mexico</Data></Cell><Cell ss:StyleID="s22"><Data ss:Type="String">4.153</Data></Cell><Cell ss:StyleID="s22"><Data ss:Type="String">1.661</Data></Cell><Cell ss:StyleID="s22"><Data ss:Type="String">2.320</Data></Cell><Cell ss:StyleID="s22"><Data ss:Type="String">2.365</Data></Cell><Cell ss:StyleID="s22"><Data ss:Type="String">3.750</Data></Cell><Cell ss:StyleID="s22"><Data ss:Type="String">6.550</Data></Cell><Cell ss:StyleID="s22"><Data ss:Type="String">6.730</Data></Cell><Cell ss:StyleID="s22"><Data ss:Type="String"></Data></Cell><Cell ss:StyleID="s22"><Data ss:Type="String"></Data></Cell></Row><Row><Cell ss:StyleID="s32"><Data ss:Type="String">moldova</Data></Cell><Cell ss:StyleID="s22"><Data ss:Type="String">9.070</Data></Cell><Cell ss:StyleID="s22"><Data ss:Type="String">.</Data></Cell><Cell ss:StyleID="s22"><Data ss:Type="String">9.070</Data></Cell><Cell ss:StyleID="s22"><Data ss:Type="String">9.070</Data></Cell><Cell ss:StyleID="s22"><Data ss:Type="String">9.070</Data></Cell><Cell ss:StyleID="s22"><Data ss:Type="String">9.070</Data></Cell><Cell ss:StyleID="s22"><Data ss:Type="String">9.070</Data></Cell><Cell ss:StyleID="s22"><Data ss:Type="String"></Data></Cell><Cell ss:StyleID="s22"><Data ss:Type="String"></Data></Cell></Row><Row><Cell ss:StyleID="s32"><Data ss:Type="String">mozambique</Data></Cell><Cell ss:StyleID="s22"><Data ss:Type="String">0.627</Data></Cell><Cell ss:StyleID="s22"><Data ss:Type="String">0.321</Data></Cell><Cell ss:StyleID="s22"><Data ss:Type="String">0.260</Data></Cell><Cell ss:StyleID="s22"><Data ss:Type="String">0.260</Data></Cell><Cell ss:StyleID="s22"><Data ss:Type="String">0.530</Data></Cell><Cell ss:StyleID="s22"><Data ss:Type="String">1.190</Data></Cell><Cell ss:StyleID="s22"><Data ss:Type="String">1.190</Data></Cell><Cell ss:StyleID="s22"><Data ss:Type="String"></Data></Cell><Cell ss:StyleID="s22"><Data ss:Type="String"></Data></Cell></Row><Row><Cell ss:StyleID="s32"><Data ss:Type="String">myanmar</Data></Cell><Cell ss:StyleID="s22"><Data ss:Type="String">(burma)</Data></Cell><Cell ss:StyleID="s22"><Data ss:Type="String">1.513</Data></Cell><Cell ss:StyleID="s22"><Data ss:Type="String">0.626</Data></Cell><Cell ss:StyleID="s22"><Data ss:Type="String">0.920</Data></Cell><Cell ss:StyleID="s22"><Data ss:Type="String">0.945</Data></Cell><Cell ss:StyleID="s22"><Data ss:Type="String">1.180</Data></Cell><Cell ss:StyleID="s22"><Data ss:Type="String">2.365</Data></Cell><Cell ss:StyleID="s22"><Data ss:Type="String">2.440</Data></Cell><Cell ss:StyleID="s22"><Data ss:Type="String"></Data></Cell></Row><Row><Cell ss:StyleID="s32"><Data ss:Type="String">namibia</Data></Cell><Cell ss:StyleID="s22"><Data ss:Type="String">.</Data></Cell><Cell ss:StyleID="s22"><Data ss:Type="String">.</Data></Cell><Cell ss:StyleID="s22"><Data ss:Type="String">.</Data></Cell><Cell ss:StyleID="s22"><Data ss:Type="String">.</Data></Cell><Cell ss:StyleID="s22"><Data ss:Type="String">.</Data></Cell><Cell ss:StyleID="s22"><Data ss:Type="String">.</Data></Cell><Cell ss:StyleID="s22"><Data ss:Type="String">.</Data></Cell><Cell ss:StyleID="s22"><Data ss:Type="String"></Data></Cell><Cell ss:StyleID="s22"><Data ss:Type="String"></Data></Cell></Row><Row><Cell ss:StyleID="s32"><Data ss:Type="String">nepal</Data></Cell><Cell ss:StyleID="s22"><Data ss:Type="String">0.692</Data></Cell><Cell ss:StyleID="s22"><Data ss:Type="String">0.694</Data></Cell><Cell ss:StyleID="s22"><Data ss:Type="String">0.0400</Data></Cell><Cell ss:StyleID="s22"><Data ss:Type="String">0.0400</Data></Cell><Cell ss:StyleID="s22"><Data ss:Type="String">0.610</Data></Cell><Cell ss:StyleID="s22"><Data ss:Type="String">1.940</Data></Cell><Cell ss:StyleID="s22"><Data ss:Type="String">1.940</Data></Cell><Cell ss:StyleID="s22"><Data ss:Type="String"></Data></Cell><Cell ss:StyleID="s22"><Data ss:Type="String"></Data></Cell></Row><Row><Cell ss:StyleID="s32"><Data ss:Type="String">netherlands</Data></Cell><Cell ss:StyleID="s22"><Data ss:Type="String">7.700</Data></Cell><Cell ss:StyleID="s22"><Data ss:Type="String">1.400</Data></Cell><Cell ss:StyleID="s22"><Data ss:Type="String">5.270</Data></Cell><Cell ss:StyleID="s22"><Data ss:Type="String">5.270</Data></Cell><Cell ss:StyleID="s22"><Data ss:Type="String">7.990</Data></Cell><Cell ss:StyleID="s22"><Data ss:Type="String">9.240</Data></Cell><Cell ss:StyleID="s22"><Data ss:Type="String">9.240</Data></Cell><Cell ss:StyleID="s22"><Data ss:Type="String"></Data></Cell><Cell ss:StyleID="s22"><Data ss:Type="String"></Data></Cell></Row><Row><Cell ss:StyleID="s32"><Data ss:Type="String">new</Data></Cell><Cell ss:StyleID="s22"><Data ss:Type="String">zealand</Data></Cell><Cell ss:StyleID="s22"><Data ss:Type="String">10.69</Data></Cell><Cell ss:StyleID="s22"><Data ss:Type="String">0.946</Data></Cell><Cell ss:StyleID="s22"><Data ss:Type="String">9.360</Data></Cell><Cell ss:StyleID="s22"><Data ss:Type="String">9.360</Data></Cell><Cell ss:StyleID="s22"><Data ss:Type="String">11.18</Data></Cell><Cell ss:StyleID="s22"><Data ss:Type="String">11.52</Data></Cell><Cell ss:StyleID="s22"><Data ss:Type="String">11.52</Data></Cell><Cell ss:StyleID="s22"><Data ss:Type="String"></Data></Cell></Row><Row><Cell ss:StyleID="s32"><Data ss:Type="String">nicaragua</Data></Cell><Cell ss:StyleID="s22"><Data ss:Type="String">2.924</Data></Cell><Cell ss:StyleID="s22"><Data ss:Type="String">0.895</Data></Cell><Cell ss:StyleID="s22"><Data ss:Type="String">1.520</Data></Cell><Cell ss:StyleID="s22"><Data ss:Type="String">1.805</Data></Cell><Cell ss:StyleID="s22"><Data ss:Type="String">2.770</Data></Cell><Cell ss:StyleID="s22"><Data ss:Type="String">4.215</Data></Cell><Cell ss:StyleID="s22"><Data ss:Type="String">4.420</Data></Cell><Cell ss:StyleID="s22"><Data ss:Type="String"></Data></Cell><Cell ss:StyleID="s22"><Data ss:Type="String"></Data></Cell></Row><Row><Cell ss:StyleID="s32"><Data ss:Type="String">niger</Data></Cell><Cell ss:StyleID="s22"><Data ss:Type="String">0.421</Data></Cell><Cell ss:StyleID="s22"><Data ss:Type="String">0.232</Data></Cell><Cell ss:StyleID="s22"><Data ss:Type="String">0.160</Data></Cell><Cell ss:StyleID="s22"><Data ss:Type="String">0.160</Data></Cell><Cell ss:StyleID="s22"><Data ss:Type="String">0.390</Data></Cell><Cell ss:StyleID="s22"><Data ss:Type="String">0.820</Data></Cell><Cell ss:StyleID="s22"><Data ss:Type="String">0.820</Data></Cell><Cell ss:StyleID="s22"><Data ss:Type="String"></Data></Cell><Cell ss:StyleID="s22"><Data ss:Type="String"></Data></Cell></Row><Row><Cell ss:StyleID="s32"><Data ss:Type="String">norway</Data></Cell><Cell ss:StyleID="s22"><Data ss:Type="String">8.730</Data></Cell><Cell ss:StyleID="s22"><Data ss:Type="String">2.248</Data></Cell><Cell ss:StyleID="s22"><Data ss:Type="String">6.110</Data></Cell><Cell ss:StyleID="s22"><Data ss:Type="String">6.110</Data></Cell><Cell ss:StyleID="s22"><Data ss:Type="String">8.280</Data></Cell><Cell ss:StyleID="s22"><Data ss:Type="String">11.86</Data></Cell><Cell ss:StyleID="s22"><Data ss:Type="String">11.86</Data></Cell><Cell ss:StyleID="s22"><Data ss:Type="String"></Data></Cell><Cell ss:StyleID="s22"><Data ss:Type="String"></Data></Cell></Row><Row><Cell ss:StyleID="s32"><Data ss:Type="String">pakistan</Data></Cell><Cell ss:StyleID="s22"><Data ss:Type="String">1.727</Data></Cell><Cell ss:StyleID="s22"><Data ss:Type="String">0.625</Data></Cell><Cell ss:StyleID="s22"><Data ss:Type="String">0.630</Data></Cell><Cell ss:StyleID="s22"><Data ss:Type="String">0.630</Data></Cell><Cell ss:StyleID="s22"><Data ss:Type="String">1.740</Data></Cell><Cell ss:StyleID="s22"><Data ss:Type="String">2.450</Data></Cell><Cell ss:StyleID="s22"><Data ss:Type="String">2.450</Data></Cell><Cell ss:StyleID="s22"><Data ss:Type="String"></Data></Cell><Cell ss:StyleID="s22"><Data ss:Type="String"></Data></Cell></Row><Row><Cell ss:StyleID="s32"><Data ss:Type="String">panama</Data></Cell><Cell ss:StyleID="s22"><Data ss:Type="String">5.643</Data></Cell><Cell ss:StyleID="s22"><Data ss:Type="String">1.588</Data></Cell><Cell ss:StyleID="s22"><Data ss:Type="String">3.590</Data></Cell><Cell ss:StyleID="s22"><Data ss:Type="String">3.870</Data></Cell><Cell ss:StyleID="s22"><Data ss:Type="String">5.370</Data></Cell><Cell ss:StyleID="s22"><Data ss:Type="String">7.800</Data></Cell><Cell ss:StyleID="s22"><Data ss:Type="String">7.900</Data></Cell><Cell ss:StyleID="s22"><Data ss:Type="String"></Data></Cell><Cell ss:StyleID="s22"><Data ss:Type="String"></Data></Cell></Row><Row><Cell ss:StyleID="s32"><Data ss:Type="String">papua</Data></Cell><Cell ss:StyleID="s22"><Data ss:Type="String">new</Data></Cell><Cell ss:StyleID="s22"><Data ss:Type="String">guin.</Data></Cell><Cell ss:StyleID="s22"><Data ss:Type="String">1.342</Data></Cell><Cell ss:StyleID="s22"><Data ss:Type="String">0.600</Data></Cell><Cell ss:StyleID="s22"><Data ss:Type="String">0.580</Data></Cell><Cell ss:StyleID="s22"><Data ss:Type="String">0.580</Data></Cell><Cell ss:StyleID="s22"><Data ss:Type="String">1.130</Data></Cell><Cell ss:StyleID="s22"><Data ss:Type="String">2.390</Data></Cell><Cell ss:StyleID="s22"><Data ss:Type="String">2.390</Data></Cell></Row><Row><Cell ss:StyleID="s32"><Data ss:Type="String">paraguay</Data></Cell><Cell ss:StyleID="s22"><Data ss:Type="String">4.359</Data></Cell><Cell ss:StyleID="s22"><Data ss:Type="String">1.161</Data></Cell><Cell ss:StyleID="s22"><Data ss:Type="String">2.540</Data></Cell><Cell ss:StyleID="s22"><Data ss:Type="String">2.920</Data></Cell><Cell ss:StyleID="s22"><Data ss:Type="String">4.285</Data></Cell><Cell ss:StyleID="s22"><Data ss:Type="String">5.760</Data></Cell><Cell ss:StyleID="s22"><Data ss:Type="String">5.780</Data></Cell><Cell ss:StyleID="s22"><Data ss:Type="String"></Data></Cell><Cell ss:StyleID="s22"><Data ss:Type="String"></Data></Cell></Row><Row><Cell ss:StyleID="s32"><Data ss:Type="String">peru</Data></Cell><Cell ss:StyleID="s22"><Data ss:Type="String">5.026</Data></Cell><Cell ss:StyleID="s22"><Data ss:Type="String">1.591</Data></Cell><Cell ss:StyleID="s22"><Data ss:Type="String">3.020</Data></Cell><Cell ss:StyleID="s22"><Data ss:Type="String">3.020</Data></Cell><Cell ss:StyleID="s22"><Data ss:Type="String">5.440</Data></Cell><Cell ss:StyleID="s22"><Data ss:Type="String">7.330</Data></Cell><Cell ss:StyleID="s22"><Data ss:Type="String">7.330</Data></Cell><Cell ss:StyleID="s22"><Data ss:Type="String"></Data></Cell><Cell ss:StyleID="s22"><Data ss:Type="String"></Data></Cell></Row><Row><Cell ss:StyleID="s32"><Data ss:Type="String">philippines</Data></Cell><Cell ss:StyleID="s22"><Data ss:Type="String">5.332</Data></Cell><Cell ss:StyleID="s22"><Data ss:Type="String">1.742</Data></Cell><Cell ss:StyleID="s22"><Data ss:Type="String">2.420</Data></Cell><Cell ss:StyleID="s22"><Data ss:Type="String">3.500</Data></Cell><Cell ss:StyleID="s22"><Data ss:Type="String">5.460</Data></Cell><Cell ss:StyleID="s22"><Data ss:Type="String">7.330</Data></Cell><Cell ss:StyleID="s22"><Data ss:Type="String">7.620</Data></Cell><Cell ss:StyleID="s22"><Data ss:Type="String"></Data></Cell><Cell ss:StyleID="s22"><Data ss:Type="String"></Data></Cell></Row><Row><Cell ss:StyleID="s32"><Data ss:Type="String">poland</Data></Cell><Cell ss:StyleID="s22"><Data ss:Type="String">8.441</Data></Cell><Cell ss:StyleID="s22"><Data ss:Type="String">1.189</Data></Cell><Cell ss:StyleID="s22"><Data ss:Type="String">6.740</Data></Cell><Cell ss:StyleID="s22"><Data ss:Type="String">6.740</Data></Cell><Cell ss:StyleID="s22"><Data ss:Type="String">8.650</Data></Cell><Cell ss:StyleID="s22"><Data ss:Type="String">9.900</Data></Cell><Cell ss:StyleID="s22"><Data ss:Type="String">9.900</Data></Cell><Cell ss:StyleID="s22"><Data ss:Type="String"></Data></Cell><Cell ss:StyleID="s22"><Data ss:Type="String"></Data></Cell></Row><Row><Cell ss:StyleID="s32"><Data ss:Type="String">portugal</Data></Cell><Cell ss:StyleID="s22"><Data ss:Type="String">3.337</Data></Cell><Cell ss:StyleID="s22"><Data ss:Type="String">1.074</Data></Cell><Cell ss:StyleID="s22"><Data ss:Type="String">1.940</Data></Cell><Cell ss:StyleID="s22"><Data ss:Type="String">1.940</Data></Cell><Cell ss:StyleID="s22"><Data ss:Type="String">3.270</Data></Cell><Cell ss:StyleID="s22"><Data ss:Type="String">4.910</Data></Cell><Cell ss:StyleID="s22"><Data ss:Type="String">4.910</Data></Cell><Cell ss:StyleID="s22"><Data ss:Type="String"></Data></Cell><Cell ss:StyleID="s22"><Data ss:Type="String"></Data></Cell></Row><Row><Cell ss:StyleID="s32"><Data ss:Type="String">pueto</Data></Cell><Cell ss:StyleID="s22"><Data ss:Type="String">rico</Data></Cell><Cell ss:StyleID="s22"><Data ss:Type="String">9.140</Data></Cell><Cell ss:StyleID="s22"><Data ss:Type="String">.</Data></Cell><Cell ss:StyleID="s22"><Data ss:Type="String">9.140</Data></Cell><Cell ss:StyleID="s22"><Data ss:Type="String">9.140</Data></Cell><Cell ss:StyleID="s22"><Data ss:Type="String">9.140</Data></Cell><Cell ss:StyleID="s22"><Data ss:Type="String">9.140</Data></Cell><Cell ss:StyleID="s22"><Data ss:Type="String">9.140</Data></Cell><Cell ss:StyleID="s22"><Data ss:Type="String"></Data></Cell></Row><Row><Cell ss:StyleID="s32"><Data ss:Type="String">reunion</Data></Cell><Cell ss:StyleID="s22"><Data ss:Type="String">2.280</Data></Cell><Cell ss:StyleID="s22"><Data ss:Type="String">.</Data></Cell><Cell ss:StyleID="s22"><Data ss:Type="String">2.280</Data></Cell><Cell ss:StyleID="s22"><Data ss:Type="String">2.280</Data></Cell><Cell ss:StyleID="s22"><Data ss:Type="String">2.280</Data></Cell><Cell ss:StyleID="s22"><Data ss:Type="String">2.280</Data></Cell><Cell ss:StyleID="s22"><Data ss:Type="String">2.280</Data></Cell><Cell ss:StyleID="s22"><Data ss:Type="String"></Data></Cell><Cell ss:StyleID="s22"><Data ss:Type="String"></Data></Cell></Row><Row><Cell ss:StyleID="s32"><Data ss:Type="String">romania</Data></Cell><Cell ss:StyleID="s22"><Data ss:Type="String">7.077</Data></Cell><Cell ss:StyleID="s22"><Data ss:Type="String">1.877</Data></Cell><Cell ss:StyleID="s22"><Data ss:Type="String">4.140</Data></Cell><Cell ss:StyleID="s22"><Data ss:Type="String">4.735</Data></Cell><Cell ss:StyleID="s22"><Data ss:Type="String">7.215</Data></Cell><Cell ss:StyleID="s22"><Data ss:Type="String">9.425</Data></Cell><Cell ss:StyleID="s22"><Data ss:Type="String">9.510</Data></Cell><Cell ss:StyleID="s22"><Data ss:Type="String"></Data></Cell><Cell ss:StyleID="s22"><Data ss:Type="String"></Data></Cell></Row><Row><Cell ss:StyleID="s32"><Data ss:Type="String">rwanda</Data></Cell><Cell ss:StyleID="s22"><Data ss:Type="String">1.357</Data></Cell><Cell ss:StyleID="s22"><Data ss:Type="String">0.444</Data></Cell><Cell ss:StyleID="s22"><Data ss:Type="String">0.760</Data></Cell><Cell ss:StyleID="s22"><Data ss:Type="String">0.760</Data></Cell><Cell ss:StyleID="s22"><Data ss:Type="String">1.350</Data></Cell><Cell ss:StyleID="s22"><Data ss:Type="String">2.030</Data></Cell><Cell ss:StyleID="s22"><Data ss:Type="String">2.030</Data></Cell><Cell ss:StyleID="s22"><Data ss:Type="String"></Data></Cell><Cell ss:StyleID="s22"><Data ss:Type="String"></Data></Cell></Row><Row><Cell ss:StyleID="s32"><Data ss:Type="String">senegal</Data></Cell><Cell ss:StyleID="s22"><Data ss:Type="String">1.802</Data></Cell><Cell ss:StyleID="s22"><Data ss:Type="String">0.328</Data></Cell><Cell ss:StyleID="s22"><Data ss:Type="String">1.240</Data></Cell><Cell ss:StyleID="s22"><Data ss:Type="String">1.240</Data></Cell><Cell ss:StyleID="s22"><Data ss:Type="String">1.920</Data></Cell><Cell ss:StyleID="s22"><Data ss:Type="String">2.230</Data></Cell><Cell ss:StyleID="s22"><Data ss:Type="String">2.230</Data></Cell><Cell ss:StyleID="s22"><Data ss:Type="String"></Data></Cell><Cell ss:StyleID="s22"><Data ss:Type="String"></Data></Cell></Row><Row><Cell ss:StyleID="s32"><Data ss:Type="String">seychelles</Data></Cell><Cell ss:StyleID="s22"><Data ss:Type="String">4.330</Data></Cell><Cell ss:StyleID="s22"><Data ss:Type="String">1.356</Data></Cell><Cell ss:StyleID="s22"><Data ss:Type="String">3.110</Data></Cell><Cell ss:StyleID="s22"><Data ss:Type="String">3.110</Data></Cell><Cell ss:StyleID="s22"><Data ss:Type="String">4.090</Data></Cell><Cell ss:StyleID="s22"><Data ss:Type="String">5.790</Data></Cell><Cell ss:StyleID="s22"><Data ss:Type="String">5.790</Data></Cell><Cell ss:StyleID="s22"><Data ss:Type="String"></Data></Cell><Cell ss:StyleID="s22"><Data ss:Type="String"></Data></Cell></Row><Row><Cell ss:StyleID="s32"><Data ss:Type="String">sierra</Data></Cell><Cell ss:StyleID="s22"><Data ss:Type="String">leone</Data></Cell><Cell ss:StyleID="s22"><Data ss:Type="String">1.003</Data></Cell><Cell ss:StyleID="s22"><Data ss:Type="String">0.544</Data></Cell><Cell ss:StyleID="s22"><Data ss:Type="String">0.500</Data></Cell><Cell ss:StyleID="s22"><Data ss:Type="String">0.500</Data></Cell><Cell ss:StyleID="s22"><Data ss:Type="String">0.830</Data></Cell><Cell ss:StyleID="s22"><Data ss:Type="String">1.990</Data></Cell><Cell ss:StyleID="s22"><Data ss:Type="String">1.990</Data></Cell><Cell ss:StyleID="s22"><Data ss:Type="String"></Data></Cell></Row><Row><Cell ss:StyleID="s32"><Data ss:Type="String">singapore</Data></Cell><Cell ss:StyleID="s22"><Data ss:Type="String">4.902</Data></Cell><Cell ss:StyleID="s22"><Data ss:Type="String">1.883</Data></Cell><Cell ss:StyleID="s22"><Data ss:Type="String">3.140</Data></Cell><Cell ss:StyleID="s22"><Data ss:Type="String">3.140</Data></Cell><Cell ss:StyleID="s22"><Data ss:Type="String">4.340</Data></Cell><Cell ss:StyleID="s22"><Data ss:Type="String">8.120</Data></Cell><Cell ss:StyleID="s22"><Data ss:Type="String">8.120</Data></Cell><Cell ss:StyleID="s22"><Data ss:Type="String"></Data></Cell><Cell ss:StyleID="s22"><Data ss:Type="String"></Data></Cell></Row><Row><Cell ss:StyleID="s32"><Data ss:Type="String">slovakia</Data></Cell><Cell ss:StyleID="s22"><Data ss:Type="String">9.083</Data></Cell><Cell ss:StyleID="s22"><Data ss:Type="String">0.101</Data></Cell><Cell ss:StyleID="s22"><Data ss:Type="String">8.990</Data></Cell><Cell ss:StyleID="s22"><Data ss:Type="String">8.990</Data></Cell><Cell ss:StyleID="s22"><Data ss:Type="String">9.070</Data></Cell><Cell ss:StyleID="s22"><Data ss:Type="String">9.190</Data></Cell><Cell ss:StyleID="s22"><Data ss:Type="String">9.190</Data></Cell><Cell ss:StyleID="s22"><Data ss:Type="String"></Data></Cell><Cell ss:StyleID="s22"><Data ss:Type="String"></Data></Cell></Row><Row><Cell ss:StyleID="s32"><Data ss:Type="String">slovenia</Data></Cell><Cell ss:StyleID="s22"><Data ss:Type="String">7.163</Data></Cell><Cell ss:StyleID="s22"><Data ss:Type="String">0.207</Data></Cell><Cell ss:StyleID="s22"><Data ss:Type="String">6.940</Data></Cell><Cell ss:StyleID="s22"><Data ss:Type="String">6.940</Data></Cell><Cell ss:StyleID="s22"><Data ss:Type="String">7.200</Data></Cell><Cell ss:StyleID="s22"><Data ss:Type="String">7.350</Data></Cell><Cell ss:StyleID="s22"><Data ss:Type="String">7.350</Data></Cell><Cell ss:StyleID="s22"><Data ss:Type="String"></Data></Cell><Cell ss:StyleID="s22"><Data ss:Type="String"></Data></Cell></Row><Row><Cell ss:StyleID="s32"><Data ss:Type="String">solomon</Data></Cell><Cell ss:StyleID="s22"><Data ss:Type="String">islands</Data></Cell><Cell ss:StyleID="s22"><Data ss:Type="String">2.530</Data></Cell><Cell ss:StyleID="s22"><Data ss:Type="String">.</Data></Cell><Cell ss:StyleID="s22"><Data ss:Type="String">2.530</Data></Cell><Cell ss:StyleID="s22"><Data ss:Type="String">2.530</Data></Cell><Cell ss:StyleID="s22"><Data ss:Type="String">2.530</Data></Cell><Cell ss:StyleID="s22"><Data ss:Type="String">2.530</Data></Cell><Cell ss:StyleID="s22"><Data ss:Type="String">2.530</Data></Cell><Cell ss:StyleID="s22"><Data ss:Type="String"></Data></Cell></Row><Row><Cell ss:StyleID="s32"><Data ss:Type="String">south</Data></Cell><Cell ss:StyleID="s22"><Data ss:Type="String">africa</Data></Cell><Cell ss:StyleID="s22"><Data ss:Type="String">5.316</Data></Cell><Cell ss:StyleID="s22"><Data ss:Type="String">1.576</Data></Cell><Cell ss:StyleID="s22"><Data ss:Type="String">3.760</Data></Cell><Cell ss:StyleID="s22"><Data ss:Type="String">3.760</Data></Cell><Cell ss:StyleID="s22"><Data ss:Type="String">4.820</Data></Cell><Cell ss:StyleID="s22"><Data ss:Type="String">8.070</Data></Cell><Cell ss:StyleID="s22"><Data ss:Type="String">8.070</Data></Cell><Cell ss:StyleID="s22"><Data ss:Type="String"></Data></Cell></Row><Row><Cell ss:StyleID="s32"><Data ss:Type="String">spain</Data></Cell><Cell ss:StyleID="s22"><Data ss:Type="String">5.222</Data></Cell><Cell ss:StyleID="s22"><Data ss:Type="String">1.241</Data></Cell><Cell ss:StyleID="s22"><Data ss:Type="String">3.640</Data></Cell><Cell ss:StyleID="s22"><Data ss:Type="String">3.640</Data></Cell><Cell ss:StyleID="s22"><Data ss:Type="String">5.150</Data></Cell><Cell ss:StyleID="s22"><Data ss:Type="String">7.250</Data></Cell><Cell ss:StyleID="s22"><Data ss:Type="String">7.250</Data></Cell><Cell ss:StyleID="s22"><Data ss:Type="String"></Data></Cell><Cell ss:StyleID="s22"><Data ss:Type="String"></Data></Cell></Row><Row><Cell ss:StyleID="s32"><Data ss:Type="String">sri</Data></Cell><Cell ss:StyleID="s22"><Data ss:Type="String">lanka</Data></Cell><Cell ss:StyleID="s22"><Data ss:Type="String">4.729</Data></Cell><Cell ss:StyleID="s22"><Data ss:Type="String">0.947</Data></Cell><Cell ss:StyleID="s22"><Data ss:Type="String">3.430</Data></Cell><Cell ss:StyleID="s22"><Data ss:Type="String">3.430</Data></Cell><Cell ss:StyleID="s22"><Data ss:Type="String">5.180</Data></Cell><Cell ss:StyleID="s22"><Data ss:Type="String">6.090</Data></Cell><Cell ss:StyleID="s22"><Data ss:Type="String">6.090</Data></Cell><Cell ss:StyleID="s22"><Data ss:Type="String"></Data></Cell></Row><Row><Cell ss:StyleID="s32"><Data ss:Type="String">st.kitts&</Data></Cell><Cell ss:StyleID="s22"><Data ss:Type="String">nevis</Data></Cell><Cell ss:StyleID="s22"><Data ss:Type="String">7.650</Data></Cell><Cell ss:StyleID="s22"><Data ss:Type="String">.</Data></Cell><Cell ss:StyleID="s22"><Data ss:Type="String">7.650</Data></Cell><Cell ss:StyleID="s22"><Data ss:Type="String">7.650</Data></Cell><Cell ss:StyleID="s22"><Data ss:Type="String">7.650</Data></Cell><Cell ss:StyleID="s22"><Data ss:Type="String">7.650</Data></Cell><Cell ss:StyleID="s22"><Data ss:Type="String">7.650</Data></Cell><Cell ss:StyleID="s22"><Data ss:Type="String"></Data></Cell></Row><Row><Cell ss:StyleID="s32"><Data ss:Type="String">st.lucia</Data></Cell><Cell ss:StyleID="s22"><Data ss:Type="String">4.220</Data></Cell><Cell ss:StyleID="s22"><Data ss:Type="String">.</Data></Cell><Cell ss:StyleID="s22"><Data ss:Type="String">4.220</Data></Cell><Cell ss:StyleID="s22"><Data ss:Type="String">4.220</Data></Cell><Cell ss:StyleID="s22"><Data ss:Type="String">4.220</Data></Cell><Cell ss:StyleID="s22"><Data ss:Type="String">4.220</Data></Cell><Cell ss:StyleID="s22"><Data ss:Type="String">4.220</Data></Cell><Cell ss:StyleID="s22"><Data ss:Type="String"></Data></Cell><Cell ss:StyleID="s22"><Data ss:Type="String"></Data></Cell></Row><Row><Cell ss:StyleID="s32"><Data ss:Type="String">st.vincent</Data></Cell><Cell ss:StyleID="s22"><Data ss:Type="String">&</Data></Cell><Cell ss:StyleID="s22"><Data ss:Type="String">g.</Data></Cell><Cell ss:StyleID="s22"><Data ss:Type="String">4.990</Data></Cell><Cell ss:StyleID="s22"><Data ss:Type="String">.</Data></Cell><Cell ss:StyleID="s22"><Data ss:Type="String">4.990</Data></Cell><Cell ss:StyleID="s22"><Data ss:Type="String">4.990</Data></Cell><Cell ss:StyleID="s22"><Data ss:Type="String">4.990</Data></Cell><Cell ss:StyleID="s22"><Data ss:Type="String">4.990</Data></Cell><Cell ss:StyleID="s22"><Data ss:Type="String">4.990</Data></Cell></Row><Row><Cell ss:StyleID="s32"><Data ss:Type="String">sudan</Data></Cell><Cell ss:StyleID="s22"><Data ss:Type="String">0.810</Data></Cell><Cell ss:StyleID="s22"><Data ss:Type="String">0.599</Data></Cell><Cell ss:StyleID="s22"><Data ss:Type="String">0.270</Data></Cell><Cell ss:StyleID="s22"><Data ss:Type="String">0.280</Data></Cell><Cell ss:StyleID="s22"><Data ss:Type="String">0.560</Data></Cell><Cell ss:StyleID="s22"><Data ss:Type="String">1.765</Data></Cell><Cell ss:StyleID="s22"><Data ss:Type="String">1.910</Data></Cell><Cell ss:StyleID="s22"><Data ss:Type="String"></Data></Cell><Cell ss:StyleID="s22"><Data ss:Type="String"></Data></Cell></Row><Row><Cell ss:StyleID="s32"><Data ss:Type="String">swaziland</Data></Cell><Cell ss:StyleID="s22"><Data ss:Type="String">3.534</Data></Cell><Cell ss:StyleID="s22"><Data ss:Type="String">1.598</Data></Cell><Cell ss:StyleID="s22"><Data ss:Type="String">1.710</Data></Cell><Cell ss:StyleID="s22"><Data ss:Type="String">1.710</Data></Cell><Cell ss:StyleID="s22"><Data ss:Type="String">3.120</Data></Cell><Cell ss:StyleID="s22"><Data ss:Type="String">5.730</Data></Cell><Cell ss:StyleID="s22"><Data ss:Type="String">5.730</Data></Cell><Cell ss:StyleID="s22"><Data ss:Type="String"></Data></Cell><Cell ss:StyleID="s22"><Data ss:Type="String"></Data></Cell></Row><Row><Cell ss:StyleID="s32"><Data ss:Type="String">sweden</Data></Cell><Cell ss:StyleID="s22"><Data ss:Type="String">9.119</Data></Cell><Cell ss:StyleID="s22"><Data ss:Type="String">1.470</Data></Cell><Cell ss:StyleID="s22"><Data ss:Type="String">7.470</Data></Cell><Cell ss:StyleID="s22"><Data ss:Type="String">7.470</Data></Cell><Cell ss:StyleID="s22"><Data ss:Type="String">9.220</Data></Cell><Cell ss:StyleID="s22"><Data ss:Type="String">11.36</Data></Cell><Cell ss:StyleID="s22"><Data ss:Type="String">11.36</Data></Cell><Cell ss:StyleID="s22"><Data ss:Type="String"></Data></Cell><Cell ss:StyleID="s22"><Data ss:Type="String"></Data></Cell></Row><Row><Cell ss:StyleID="s32"><Data ss:Type="String">switzerland</Data></Cell><Cell ss:StyleID="s22"><Data ss:Type="String">9.070</Data></Cell><Cell ss:StyleID="s22"><Data ss:Type="String">1.267</Data></Cell><Cell ss:StyleID="s22"><Data ss:Type="String">7.300</Data></Cell><Cell ss:StyleID="s22"><Data ss:Type="String">7.300</Data></Cell><Cell ss:StyleID="s22"><Data ss:Type="String">9.900</Data></Cell><Cell ss:StyleID="s22"><Data ss:Type="String">10.39</Data></Cell><Cell ss:StyleID="s22"><Data ss:Type="String">10.39</Data></Cell><Cell ss:StyleID="s22"><Data ss:Type="String"></Data></Cell><Cell ss:StyleID="s22"><Data ss:Type="String"></Data></Cell></Row><Row><Cell ss:StyleID="s32"><Data ss:Type="String">syria</Data></Cell><Cell ss:StyleID="s22"><Data ss:Type="String">3.097</Data></Cell><Cell ss:StyleID="s22"><Data ss:Type="String">1.721</Data></Cell><Cell ss:StyleID="s22"><Data ss:Type="String">0.990</Data></Cell><Cell ss:StyleID="s22"><Data ss:Type="String">0.990</Data></Cell><Cell ss:StyleID="s22"><Data ss:Type="String">2.860</Data></Cell><Cell ss:StyleID="s22"><Data ss:Type="String">5.740</Data></Cell><Cell ss:StyleID="s22"><Data ss:Type="String">5.740</Data></Cell><Cell ss:StyleID="s22"><Data ss:Type="String"></Data></Cell><Cell ss:StyleID="s22"><Data ss:Type="String"></Data></Cell></Row><Row><Cell ss:StyleID="s32"><Data ss:Type="String">taiwan</Data></Cell><Cell ss:StyleID="s22"><Data ss:Type="String">5.977</Data></Cell><Cell ss:StyleID="s22"><Data ss:Type="String">1.905</Data></Cell><Cell ss:StyleID="s22"><Data ss:Type="String">3.320</Data></Cell><Cell ss:StyleID="s22"><Data ss:Type="String">3.320</Data></Cell><Cell ss:StyleID="s22"><Data ss:Type="String">6.370</Data></Cell><Cell ss:StyleID="s22"><Data ss:Type="String">8.530</Data></Cell><Cell ss:StyleID="s22"><Data ss:Type="String">8.530</Data></Cell><Cell ss:StyleID="s22"><Data ss:Type="String"></Data></Cell><Cell ss:StyleID="s22"><Data ss:Type="String"></Data></Cell></Row><Row><Cell ss:StyleID="s32"><Data ss:Type="String">tajikistan</Data></Cell><Cell ss:StyleID="s22"><Data ss:Type="String">9.620</Data></Cell><Cell ss:StyleID="s22"><Data ss:Type="String">.</Data></Cell><Cell ss:StyleID="s22"><Data ss:Type="String">9.620</Data></Cell><Cell ss:StyleID="s22"><Data ss:Type="String">9.620</Data></Cell><Cell ss:StyleID="s22"><Data ss:Type="String">9.620</Data></Cell><Cell ss:StyleID="s22"><Data ss:Type="String">9.620</Data></Cell><Cell ss:StyleID="s22"><Data ss:Type="String">9.620</Data></Cell><Cell ss:StyleID="s22"><Data ss:Type="String"></Data></Cell><Cell ss:StyleID="s22"><Data ss:Type="String"></Data></Cell></Row><Row><Cell ss:StyleID="s32"><Data ss:Type="String">thailand</Data></Cell><Cell ss:StyleID="s22"><Data ss:Type="String">4.380</Data></Cell><Cell ss:StyleID="s22"><Data ss:Type="String">1.119</Data></Cell><Cell ss:StyleID="s22"><Data ss:Type="String">3.150</Data></Cell><Cell ss:StyleID="s22"><Data ss:Type="String">3.150</Data></Cell><Cell ss:StyleID="s22"><Data ss:Type="String">3.770</Data></Cell><Cell ss:StyleID="s22"><Data ss:Type="String">6.100</Data></Cell><Cell ss:StyleID="s22"><Data ss:Type="String">6.100</Data></Cell><Cell ss:StyleID="s22"><Data ss:Type="String"></Data></Cell><Cell ss:StyleID="s22"><Data ss:Type="String"></Data></Cell></Row><Row><Cell ss:StyleID="s32"><Data ss:Type="String">togo</Data></Cell><Cell ss:StyleID="s22"><Data ss:Type="String">1.461</Data></Cell><Cell ss:StyleID="s22"><Data ss:Type="String">1.025</Data></Cell><Cell ss:StyleID="s22"><Data ss:Type="String">0.320</Data></Cell><Cell ss:StyleID="s22"><Data ss:Type="String">0.320</Data></Cell><Cell ss:StyleID="s22"><Data ss:Type="String">1.620</Data></Cell><Cell ss:StyleID="s22"><Data ss:Type="String">2.830</Data></Cell><Cell ss:StyleID="s22"><Data ss:Type="String">2.830</Data></Cell><Cell ss:StyleID="s22"><Data ss:Type="String"></Data></Cell><Cell ss:StyleID="s22"><Data ss:Type="String"></Data></Cell></Row><Row><Cell ss:StyleID="s32"><Data ss:Type="String">trinidad</Data></Cell><Cell ss:StyleID="s22"><Data ss:Type="String">&</Data></Cell><Cell ss:StyleID="s22"><Data ss:Type="String">tob.</Data></Cell><Cell ss:StyleID="s22"><Data ss:Type="String">5.831</Data></Cell><Cell ss:StyleID="s22"><Data ss:Type="String">1.323</Data></Cell><Cell ss:StyleID="s22"><Data ss:Type="String">4.190</Data></Cell><Cell ss:StyleID="s22"><Data ss:Type="String">4.190</Data></Cell><Cell ss:StyleID="s22"><Data ss:Type="String">6.380</Data></Cell><Cell ss:StyleID="s22"><Data ss:Type="String">7.620</Data></Cell><Cell ss:StyleID="s22"><Data ss:Type="String">7.620</Data></Cell></Row><Row><Cell ss:StyleID="s32"><Data ss:Type="String">tunisia</Data></Cell><Cell ss:StyleID="s22"><Data ss:Type="String">2.068</Data></Cell><Cell ss:StyleID="s22"><Data ss:Type="String">1.328</Data></Cell><Cell ss:StyleID="s22"><Data ss:Type="String">0.540</Data></Cell><Cell ss:StyleID="s22"><Data ss:Type="String">0.540</Data></Cell><Cell ss:StyleID="s22"><Data ss:Type="String">1.920</Data></Cell><Cell ss:StyleID="s22"><Data ss:Type="String">4.200</Data></Cell><Cell ss:StyleID="s22"><Data ss:Type="String">4.200</Data></Cell><Cell ss:StyleID="s22"><Data ss:Type="String"></Data></Cell><Cell ss:StyleID="s22"><Data ss:Type="String"></Data></Cell></Row><Row><Cell ss:StyleID="s32"><Data ss:Type="String">turkey</Data></Cell><Cell ss:StyleID="s22"><Data ss:Type="String">2.897</Data></Cell><Cell ss:StyleID="s22"><Data ss:Type="String">1.240</Data></Cell><Cell ss:StyleID="s22"><Data ss:Type="String">1</Data></Cell><Cell ss:StyleID="s22"><Data ss:Type="String">1.500</Data></Cell><Cell ss:StyleID="s22"><Data ss:Type="String">2.530</Data></Cell><Cell ss:StyleID="s22"><Data ss:Type="String">4.685</Data></Cell><Cell ss:StyleID="s22"><Data ss:Type="String">4.800</Data></Cell><Cell ss:StyleID="s22"><Data ss:Type="String"></Data></Cell><Cell ss:StyleID="s22"><Data ss:Type="String"></Data></Cell></Row><Row><Cell ss:StyleID="s32"><Data ss:Type="String">u.s.s.r.</Data></Cell><Cell ss:StyleID="s22"><Data ss:Type="String">9.227</Data></Cell><Cell ss:StyleID="s22"><Data ss:Type="String">1.031</Data></Cell><Cell ss:StyleID="s22"><Data ss:Type="String">7.590</Data></Cell><Cell ss:StyleID="s22"><Data ss:Type="String">7.590</Data></Cell><Cell ss:StyleID="s22"><Data ss:Type="String">8.940</Data></Cell><Cell ss:StyleID="s22"><Data ss:Type="String">10.52</Data></Cell><Cell ss:StyleID="s22"><Data ss:Type="String">10.52</Data></Cell><Cell ss:StyleID="s22"><Data ss:Type="String"></Data></Cell><Cell ss:StyleID="s22"><Data ss:Type="String"></Data></Cell></Row><Row><Cell ss:StyleID="s32"><Data ss:Type="String">uganda</Data></Cell><Cell ss:StyleID="s22"><Data ss:Type="String">1.782</Data></Cell><Cell ss:StyleID="s22"><Data ss:Type="String">0.764</Data></Cell><Cell ss:StyleID="s22"><Data ss:Type="String">1.050</Data></Cell><Cell ss:StyleID="s22"><Data ss:Type="String">1.050</Data></Cell><Cell ss:StyleID="s22"><Data ss:Type="String">1.660</Data></Cell><Cell ss:StyleID="s22"><Data ss:Type="String">2.950</Data></Cell><Cell ss:StyleID="s22"><Data ss:Type="String">2.950</Data></Cell><Cell ss:StyleID="s22"><Data ss:Type="String"></Data></Cell><Cell ss:StyleID="s22"><Data ss:Type="String"></Data></Cell></Row><Row><Cell ss:StyleID="s32"><Data ss:Type="String">united</Data></Cell><Cell ss:StyleID="s22"><Data ss:Type="String">arab</Data></Cell><Cell ss:StyleID="s22"><Data ss:Type="String">em.</Data></Cell><Cell ss:StyleID="s22"><Data ss:Type="String">2.880</Data></Cell><Cell ss:StyleID="s22"><Data ss:Type="String">.</Data></Cell><Cell ss:StyleID="s22"><Data ss:Type="String">2.880</Data></Cell><Cell ss:StyleID="s22"><Data ss:Type="String">2.880</Data></Cell><Cell ss:StyleID="s22"><Data ss:Type="String">2.880</Data></Cell><Cell ss:StyleID="s22"><Data ss:Type="String">2.880</Data></Cell><Cell ss:StyleID="s22"><Data ss:Type="String">2.880</Data></Cell></Row><Row><Cell ss:StyleID="s32"><Data ss:Type="String">united</Data></Cell><Cell ss:StyleID="s22"><Data ss:Type="String">kingdom</Data></Cell><Cell ss:StyleID="s22"><Data ss:Type="String">8.156</Data></Cell><Cell ss:StyleID="s22"><Data ss:Type="String">0.729</Data></Cell><Cell ss:StyleID="s22"><Data ss:Type="String">7.170</Data></Cell><Cell ss:StyleID="s22"><Data ss:Type="String">7.245</Data></Cell><Cell ss:StyleID="s22"><Data ss:Type="String">8.090</Data></Cell><Cell ss:StyleID="s22"><Data ss:Type="String">9.190</Data></Cell><Cell ss:StyleID="s22"><Data ss:Type="String">9.350</Data></Cell><Cell ss:StyleID="s22"><Data ss:Type="String"></Data></Cell></Row><Row><Cell ss:StyleID="s32"><Data ss:Type="String">united</Data></Cell><Cell ss:StyleID="s22"><Data ss:Type="String">states</Data></Cell><Cell ss:StyleID="s22"><Data ss:Type="String">10.57</Data></Cell><Cell ss:StyleID="s22"><Data ss:Type="String">1.626</Data></Cell><Cell ss:StyleID="s22"><Data ss:Type="String">7.940</Data></Cell><Cell ss:StyleID="s22"><Data ss:Type="String">8.300</Data></Cell><Cell ss:StyleID="s22"><Data ss:Type="String">10.86</Data></Cell><Cell ss:StyleID="s22"><Data ss:Type="String">12.21</Data></Cell><Cell ss:StyleID="s22"><Data ss:Type="String">12.25</Data></Cell><Cell ss:StyleID="s22"><Data ss:Type="String"></Data></Cell></Row><Row><Cell ss:StyleID="s32"><Data ss:Type="String">uruguay</Data></Cell><Cell ss:StyleID="s22"><Data ss:Type="String">5.980</Data></Cell><Cell ss:StyleID="s22"><Data ss:Type="String">0.885</Data></Cell><Cell ss:StyleID="s22"><Data ss:Type="String">4.780</Data></Cell><Cell ss:StyleID="s22"><Data ss:Type="String">4.780</Data></Cell><Cell ss:StyleID="s22"><Data ss:Type="String">5.750</Data></Cell><Cell ss:StyleID="s22"><Data ss:Type="String">7.250</Data></Cell><Cell ss:StyleID="s22"><Data ss:Type="String">7.250</Data></Cell><Cell ss:StyleID="s22"><Data ss:Type="String"></Data></Cell><Cell ss:StyleID="s22"><Data ss:Type="String"></Data></Cell></Row><Row><Cell ss:StyleID="s32"><Data ss:Type="String">vanuatu</Data></Cell><Cell ss:StyleID="s22"><Data ss:Type="String">.</Data></Cell><Cell ss:StyleID="s22"><Data ss:Type="String">.</Data></Cell><Cell ss:StyleID="s22"><Data ss:Type="String">.</Data></Cell><Cell ss:StyleID="s22"><Data ss:Type="String">.</Data></Cell><Cell ss:StyleID="s22"><Data ss:Type="String">.</Data></Cell><Cell ss:StyleID="s22"><Data ss:Type="String">.</Data></Cell><Cell ss:StyleID="s22"><Data ss:Type="String">.</Data></Cell><Cell ss:StyleID="s22"><Data ss:Type="String"></Data></Cell><Cell ss:StyleID="s22"><Data ss:Type="String"></Data></Cell></Row><Row><Cell ss:StyleID="s32"><Data ss:Type="String">venezuela</Data></Cell><Cell ss:StyleID="s22"><Data ss:Type="String">3.939</Data></Cell><Cell ss:StyleID="s22"><Data ss:Type="String">1.404</Data></Cell><Cell ss:StyleID="s22"><Data ss:Type="String">2.010</Data></Cell><Cell ss:StyleID="s22"><Data ss:Type="String">2.240</Data></Cell><Cell ss:StyleID="s22"><Data ss:Type="String">4.135</Data></Cell><Cell ss:StyleID="s22"><Data ss:Type="String">5.480</Data></Cell><Cell ss:StyleID="s22"><Data ss:Type="String">5.610</Data></Cell><Cell ss:StyleID="s22"><Data ss:Type="String"></Data></Cell><Cell ss:StyleID="s22"><Data ss:Type="String"></Data></Cell></Row><Row><Cell ss:StyleID="s32"><Data ss:Type="String">viet</Data></Cell><Cell ss:StyleID="s22"><Data ss:Type="String">nam</Data></Cell><Cell ss:StyleID="s22"><Data ss:Type="String">3.810</Data></Cell><Cell ss:StyleID="s22"><Data ss:Type="String">.</Data></Cell><Cell ss:StyleID="s22"><Data ss:Type="String">3.810</Data></Cell><Cell ss:StyleID="s22"><Data ss:Type="String">3.810</Data></Cell><Cell ss:StyleID="s22"><Data ss:Type="String">3.810</Data></Cell><Cell ss:StyleID="s22"><Data ss:Type="String">3.810</Data></Cell><Cell ss:StyleID="s22"><Data ss:Type="String">3.810</Data></Cell><Cell ss:StyleID="s22"><Data ss:Type="String"></Data></Cell></Row><Row><Cell ss:StyleID="s32"><Data ss:Type="String">western</Data></Cell><Cell ss:StyleID="s22"><Data ss:Type="String">samoa</Data></Cell><Cell ss:StyleID="s22"><Data ss:Type="String">6.273</Data></Cell><Cell ss:StyleID="s22"><Data ss:Type="String">0.335</Data></Cell><Cell ss:StyleID="s22"><Data ss:Type="String">6.010</Data></Cell><Cell ss:StyleID="s22"><Data ss:Type="String">6.010</Data></Cell><Cell ss:StyleID="s22"><Data ss:Type="String">6.160</Data></Cell><Cell ss:StyleID="s22"><Data ss:Type="String">6.650</Data></Cell><Cell ss:StyleID="s22"><Data ss:Type="String">6.650</Data></Cell><Cell ss:StyleID="s22"><Data ss:Type="String"></Data></Cell></Row><Row><Cell ss:StyleID="s32"><Data ss:Type="String">yugoslavia</Data></Cell><Cell ss:StyleID="s22"><Data ss:Type="String">5.914</Data></Cell><Cell ss:StyleID="s22"><Data ss:Type="String">0.976</Data></Cell><Cell ss:StyleID="s22"><Data ss:Type="String">4.960</Data></Cell><Cell ss:StyleID="s22"><Data ss:Type="String">4.960</Data></Cell><Cell ss:StyleID="s22"><Data ss:Type="String">5.535</Data></Cell><Cell ss:StyleID="s22"><Data ss:Type="String">7.480</Data></Cell><Cell ss:StyleID="s22"><Data ss:Type="String">7.480</Data></Cell><Cell ss:StyleID="s22"><Data ss:Type="String"></Data></Cell><Cell ss:StyleID="s22"><Data ss:Type="String"></Data></Cell></Row><Row><Cell ss:StyleID="s32"><Data ss:Type="String">zaire</Data></Cell><Cell ss:StyleID="s22"><Data ss:Type="String">1.533</Data></Cell><Cell ss:StyleID="s22"><Data ss:Type="String">0.999</Data></Cell><Cell ss:StyleID="s22"><Data ss:Type="String">0.410</Data></Cell><Cell ss:StyleID="s22"><Data ss:Type="String">0.485</Data></Cell><Cell ss:StyleID="s22"><Data ss:Type="String">1.255</Data></Cell><Cell ss:StyleID="s22"><Data ss:Type="String">3.085</Data></Cell><Cell ss:StyleID="s22"><Data ss:Type="String">3.180</Data></Cell><Cell ss:StyleID="s22"><Data ss:Type="String"></Data></Cell><Cell ss:StyleID="s22"><Data ss:Type="String"></Data></Cell></Row><Row><Cell ss:StyleID="s32"><Data ss:Type="String">zambia</Data></Cell><Cell ss:StyleID="s22"><Data ss:Type="String">3.277</Data></Cell><Cell ss:StyleID="s22"><Data ss:Type="String">1.531</Data></Cell><Cell ss:StyleID="s22"><Data ss:Type="String">1.600</Data></Cell><Cell ss:StyleID="s22"><Data ss:Type="String">1.600</Data></Cell><Cell ss:StyleID="s22"><Data ss:Type="String">3.220</Data></Cell><Cell ss:StyleID="s22"><Data ss:Type="String">5.560</Data></Cell><Cell ss:StyleID="s22"><Data ss:Type="String">5.560</Data></Cell><Cell ss:StyleID="s22"><Data ss:Type="String"></Data></Cell><Cell ss:StyleID="s22"><Data ss:Type="String"></Data></Cell></Row><Row><Cell ss:StyleID="s32"><Data ss:Type="String">zimbabwe</Data></Cell><Cell ss:StyleID="s22"><Data ss:Type="String">2.927</Data></Cell><Cell ss:StyleID="s22"><Data ss:Type="String">1.251</Data></Cell><Cell ss:StyleID="s22"><Data ss:Type="String">1.540</Data></Cell><Cell ss:StyleID="s22"><Data ss:Type="String">1.540</Data></Cell><Cell ss:StyleID="s22"><Data ss:Type="String">2.820</Data></Cell><Cell ss:StyleID="s22"><Data ss:Type="String">4.880</Data></Cell><Cell ss:StyleID="s22"><Data ss:Type="String">4.880</Data></Cell><Cell ss:StyleID="s22"><Data ss:Type="String"></Data></Cell><Cell ss:StyleID="s22"><Data ss:Type="String"></Data></Cell></Row><Row><Cell ss:StyleID="s33"><Data ss:Type="String">Total</Data></Cell><Cell ss:StyleID="s23"><Data ss:Type="String">4.718</Data></Cell><Cell ss:StyleID="s23"><Data ss:Type="String">2.950</Data></Cell><Cell ss:StyleID="s23"><Data ss:Type="String">0.0400</Data></Cell><Cell ss:StyleID="s23"><Data ss:Type="String">0.990</Data></Cell><Cell ss:StyleID="s23"><Data ss:Type="String">4.365</Data></Cell><Cell ss:StyleID="s23"><Data ss:Type="String">9.020</Data></Cell><Cell ss:StyleID="s23"><Data ss:Type="String">11.43</Data></Cell><Cell ss:StyleID="s23"><Data ss:Type="String"></Data></Cell><Cell ss:StyleID="s23"><Data ss:Type="String"></Data></Cell></Row></Table><WorksheetOptions xmlns="urn:schemas-microsoft-com:office:excel"><ProtectedObjects>False</ProtectedObjects><ProtectedScenarios>False</ProtectedScenarios></WorksheetOptions></Worksheet></Workbook>